,QuestionLink,category,correct,direction,explanation,lang,name,optA,optB,optC,optD,optE,sectionType,sl.no.,sources,usedFor
0,https://i.imgur.com/g1mxxKp.png,4.3,2,https://i.imgur.com/2zJJVzJ.png,https://i.imgur.com/m1fXLaQ.png,Bi,Spelling,A,B,C,D,,English,1,Vidya,ssc
1,https://i.imgur.com/zDTF38u.png,4.3,2,https://i.imgur.com/2zJJVzJ.png,https://i.imgur.com/p8WDfxj.png,Bi,Spelling,A,B,C,D,,English,2,Vidya,ssc
2,https://i.imgur.com/YWmw3UR.png,4.3,2,https://i.imgur.com/2zJJVzJ.png,https://i.imgur.com/GqLzc8G.png,Bi,Spelling,A,B,C,D,,English,3,Vidya,ssc
3,https://i.imgur.com/DhY4zvk.png,4.3,3,https://i.imgur.com/2zJJVzJ.png,https://i.imgur.com/jF88IV5.png,Bi,Spelling,A,B,C,D,,English,4,Vidya,ssc
4,https://i.imgur.com/fVK2hAK.png,4.3,2,https://i.imgur.com/2zJJVzJ.png,https://i.imgur.com/fsxqwqG.png,Bi,Spelling,A,B,C,D,,English,5,Vidya,ssc
5,https://i.imgur.com/g3xgY1n.png,4.3,2,https://i.imgur.com/2zJJVzJ.png,https://i.imgur.com/Qk98tsP.png,Bi,Spelling,A,B,C,D,,English,6,Vidya,ssc
6,https://i.imgur.com/zAORNrh.png,4.3,1,https://i.imgur.com/2zJJVzJ.png,https://i.imgur.com/7YxxUoL.png,Bi,Spelling,A,B,C,D,,English,7,Vidya,ssc
7,https://i.imgur.com/iW5JFQL.png,4.3,1,https://i.imgur.com/2zJJVzJ.png,https://i.imgur.com/yOgZug7.png,Bi,Spelling,A,B,C,D,,English,8,Vidya,ssc
8,https://i.imgur.com/nWBRItZ.png,4.3,2,https://i.imgur.com/2zJJVzJ.png,https://i.imgur.com/eb2fRZY.png,Bi,Spelling,A,B,C,D,,English,9,Vidya,ssc
9,https://i.imgur.com/DDfcy2j.png,4.3,4,https://i.imgur.com/2zJJVzJ.png,https://i.imgur.com/E5wTXF6.png,Bi,Spelling,A,B,C,D,,English,10,Vidya,ssc
10,https://i.imgur.com/MP3ODYN.png,4.3,1,https://i.imgur.com/2zJJVzJ.png,https://i.imgur.com/nKRhyhD.png,Bi,Spelling,A,B,C,D,,English,11,Vidya,ssc
11,https://i.imgur.com/x94B3OO.png,4.3,1,https://i.imgur.com/2zJJVzJ.png,https://i.imgur.com/58Sa9UY.png,Bi,Spelling,A,B,C,D,,English,12,Vidya,ssc
12,https://i.imgur.com/j1yCpxM.png,4.3,3,https://i.imgur.com/2zJJVzJ.png,https://i.imgur.com/oWI2jyg.png,Bi,Spelling,A,B,C,D,,English,13,Vidya,ssc
13,https://i.imgur.com/SrF6iLw.png,4.3,2,https://i.imgur.com/2zJJVzJ.png,https://i.imgur.com/mBet2aX.png,Bi,Spelling,A,B,C,D,,English,14,Vidya,ssc
14,https://i.imgur.com/ff0dd7h.png,4.3,4,https://i.imgur.com/2zJJVzJ.png,https://i.imgur.com/C2wekif.png,Bi,Spelling,A,B,C,D,,English,15,Vidya,ssc
15,https://i.imgur.com/qCzG7kC.png,4.3,3,https://i.imgur.com/2zJJVzJ.png,https://i.imgur.com/gp92uVJ.png,Bi,Spelling,A,B,C,D,,English,16,Vidya,ssc
16,https://i.imgur.com/6EaJ6ZC.png,4.3,3,https://i.imgur.com/2zJJVzJ.png,https://i.imgur.com/MjmkIwP.png,Bi,Spelling,A,B,C,D,,English,17,Vidya,ssc
17,https://i.imgur.com/KnCSm1G.png,4.3,1,https://i.imgur.com/2zJJVzJ.png,https://i.imgur.com/rKQlbNF.png,Bi,Spelling,A,B,C,D,,English,18,Vidya,ssc
18,https://i.imgur.com/yHbIan4.png,4.3,3,https://i.imgur.com/2zJJVzJ.png,https://i.imgur.com/ZW3ahrs.png,Bi,Spelling,A,B,C,D,,English,19,Vidya,ssc
19,https://i.imgur.com/gZ10p0e.png,4.3,4,https://i.imgur.com/2zJJVzJ.png,https://i.imgur.com/bcfxf8B.png,Bi,Spelling,A,B,C,D,,English,20,Vidya,ssc
20,https://i.imgur.com/vncedLf.png,4.3,3,https://i.imgur.com/2zJJVzJ.png,https://i.imgur.com/Ll4pB0b.png,Bi,Spelling,A,B,C,D,,English,21,Vidya,ssc
21,https://i.imgur.com/baUL49c.png,4.3,3,https://i.imgur.com/2zJJVzJ.png,https://i.imgur.com/bj6LTjc.png,Bi,Spelling,A,B,C,D,,English,22,Vidya,ssc
22,https://i.imgur.com/71bgvkP.png,4.3,3,https://i.imgur.com/2zJJVzJ.png,https://i.imgur.com/QpJMkW8.png,Bi,Spelling,A,B,C,D,,English,23,Vidya,ssc
23,https://i.imgur.com/3SFppjz.png,4.3,1,https://i.imgur.com/2zJJVzJ.png,https://i.imgur.com/bo80X0U.png,Bi,Spelling,A,B,C,D,,English,24,Vidya,ssc
24,https://i.imgur.com/fFTmBFU.png,4.3,4,https://i.imgur.com/2zJJVzJ.png,https://i.imgur.com/EOanst5.png,Bi,Spelling,A,B,C,D,,English,25,Vidya,ssc
25,https://i.imgur.com/AsY7LJ4.png,4.3,4,https://i.imgur.com/2zJJVzJ.png,https://i.imgur.com/Ln80Atj.png,Bi,Spelling,A,B,C,D,,English,26,Vidya,ssc
26,https://i.imgur.com/hCo36Qa.png,4.3,2,https://i.imgur.com/2zJJVzJ.png,https://i.imgur.com/b48VPG4.png,Bi,Spelling,A,B,C,D,,English,27,Vidya,ssc
27,https://i.imgur.com/0ndBs9O.png,4.3,2,https://i.imgur.com/2zJJVzJ.png,https://i.imgur.com/SCgQZIW.png,Bi,Spelling,A,B,C,D,,English,28,Vidya,ssc
28,https://i.imgur.com/hVAeTSs.png,4.3,4,https://i.imgur.com/2zJJVzJ.png,https://i.imgur.com/0IpJuI0.png,Bi,Spelling,A,B,C,D,,English,29,Vidya,ssc
29,https://i.imgur.com/MAOdXkU.png,4.3,4,https://i.imgur.com/2zJJVzJ.png,https://i.imgur.com/OHnNilf.png,Bi,Spelling,A,B,C,D,,English,30,Vidya,ssc
30,https://i.imgur.com/TYVzXOV.png,4.3,1,https://i.imgur.com/2zJJVzJ.png,https://i.imgur.com/9Nu3JPw.png,Bi,Spelling,A,B,C,D,,English,31,Vidya,ssc
31,https://i.imgur.com/meCCgQd.png,4.3,3,https://i.imgur.com/2zJJVzJ.png,https://i.imgur.com/jj5s20P.png,Bi,Spelling,A,B,C,D,,English,32,Vidya,ssc
32,https://i.imgur.com/a0CBEBT.png,4.3,2,https://i.imgur.com/2zJJVzJ.png,https://i.imgur.com/HFMoVvB.png,Bi,Spelling,A,B,C,D,,English,33,Vidya,ssc
33,https://i.imgur.com/8DCgNpC.png,4.3,4,https://i.imgur.com/2zJJVzJ.png,https://i.imgur.com/6TuKokk.png,Bi,Spelling,A,B,C,D,,English,34,Vidya,ssc
34,https://i.imgur.com/zRFUyi7.png,4.3,3,https://i.imgur.com/2zJJVzJ.png,https://i.imgur.com/a3mij9y.png,Bi,Spelling,A,B,C,D,,English,35,Vidya,ssc
35,https://i.imgur.com/CSm4lur.png,4.3,1,https://i.imgur.com/2zJJVzJ.png,https://i.imgur.com/hIiQqE4.png,Bi,Spelling,A,B,C,D,,English,36,Vidya,ssc
36,https://i.imgur.com/MiiSAyA.png,4.3,4,https://i.imgur.com/2zJJVzJ.png,https://i.imgur.com/41cFsRv.png,Bi,Spelling,A,B,C,D,,English,37,Vidya,ssc
37,https://i.imgur.com/wyhvJAF.png,4.3,3,https://i.imgur.com/2zJJVzJ.png,https://i.imgur.com/lJnS4QR.png,Bi,Spelling,A,B,C,D,,English,38,Vidya,ssc
38,https://i.imgur.com/Iys8gAu.png,4.3,4,https://i.imgur.com/2zJJVzJ.png,https://i.imgur.com/hjnZo1h.png,Bi,Spelling,A,B,C,D,,English,39,Vidya,ssc
39,https://i.imgur.com/rYytWwh.png,4.3,1,https://i.imgur.com/2zJJVzJ.png,https://i.imgur.com/fhMD8l4.png,Bi,Spelling,A,B,C,D,,English,40,Vidya,ssc
40,https://i.imgur.com/3DSx1Mi.png,4.3,2,https://i.imgur.com/2zJJVzJ.png,https://i.imgur.com/57eL248.png,Bi,Spelling,A,B,C,D,,English,41,Vidya,ssc
41,https://i.imgur.com/UJDZaIf.png,4.3,1,https://i.imgur.com/2zJJVzJ.png,https://i.imgur.com/nfrsew2.png,Bi,Spelling,A,B,C,D,,English,42,Vidya,ssc
42,https://i.imgur.com/xuWtr0g.png,4.3,4,https://i.imgur.com/2zJJVzJ.png,https://i.imgur.com/XOmZlvS.png,Bi,Spelling,A,B,C,D,,English,43,Vidya,ssc
43,https://i.imgur.com/OJVzasL.png,4.3,3,https://i.imgur.com/veHPMYy.png,https://i.imgur.com/WA9FlCR.png,Bi,Spelling,A,B,C,D,,English,44,Vidya,ssc
44,https://i.imgur.com/Fc0e3s5.png,4.3,1,https://i.imgur.com/veHPMYy.png,https://i.imgur.com/Sak2lFU.png,Bi,Spelling,A,B,C,D,,English,45,Vidya,ssc
45,https://i.imgur.com/bg1cUBw.png,4.3,4,https://i.imgur.com/veHPMYy.png,https://i.imgur.com/TSGAZPi.png,Bi,Spelling,A,B,C,D,,English,46,Vidya,ssc
46,https://i.imgur.com/dyfWt9D.png,4.3,1,https://i.imgur.com/veHPMYy.png,https://i.imgur.com/JcsCgGZ.png,Bi,Spelling,A,B,C,D,,English,47,Vidya,ssc
47,https://i.imgur.com/lH6Esvh.png,4.3,4,https://i.imgur.com/veHPMYy.png,https://i.imgur.com/JwWknOw.png,Bi,Spelling,A,B,C,D,,English,48,Vidya,ssc
48,https://i.imgur.com/ORarfHl.png,4.3,1,https://i.imgur.com/veHPMYy.png,https://i.imgur.com/JL0EUdJ.png,Bi,Spelling,A,B,C,D,,English,49,Vidya,ssc
49,https://i.imgur.com/MXvIt0v.png,4.3,1,https://i.imgur.com/veHPMYy.png,https://i.imgur.com/X6tGkD0.png,Bi,Spelling,A,B,C,D,,English,50,Vidya,ssc
50,https://i.imgur.com/GBx98xo.png,4.3,3,https://i.imgur.com/veHPMYy.png,https://i.imgur.com/SSfDJ6j.png,Bi,Spelling,A,B,C,D,,English,51,Vidya,ssc
51,https://i.imgur.com/gzfiyk0.png,4.3,4,https://i.imgur.com/veHPMYy.png,https://i.imgur.com/LKuZ3jc.png,Bi,Spelling,A,B,C,D,,English,52,Vidya,ssc
52,https://i.imgur.com/iIzcIvn.png,4.3,2,https://i.imgur.com/veHPMYy.png,https://i.imgur.com/T4OPYIN.png,Bi,Spelling,A,B,C,D,,English,53,Vidya,ssc
53,https://i.imgur.com/Br1ULmT.png,4.3,4,https://i.imgur.com/veHPMYy.png,https://i.imgur.com/M0sYIOO.png,Bi,Spelling,A,B,C,D,,English,54,Vidya,ssc
54,https://i.imgur.com/081OwmY.png,4.3,3,https://i.imgur.com/veHPMYy.png,https://i.imgur.com/OkYp80C.png,Bi,Spelling,A,B,C,D,,English,55,Vidya,ssc
55,https://i.imgur.com/RV5zByt.png,4.3,4,https://i.imgur.com/veHPMYy.png,https://i.imgur.com/umXwUTd.png,Bi,Spelling,A,B,C,D,,English,56,Vidya,ssc
56,https://i.imgur.com/n9lOukY.png,4.3,3,https://i.imgur.com/veHPMYy.png,https://i.imgur.com/vMbxWIc.png,Bi,Spelling,A,B,C,D,,English,57,Vidya,ssc
57,https://i.imgur.com/YL6JLME.png,4.3,2,https://i.imgur.com/veHPMYy.png,https://i.imgur.com/IPf0Bz5.png,Bi,Spelling,A,B,C,D,,English,58,Vidya,ssc
58,https://i.imgur.com/OUbca5b.png,4.3,2,https://i.imgur.com/veHPMYy.png,https://i.imgur.com/yfB5RgL.png,Bi,Spelling,A,B,C,D,,English,59,Vidya,ssc
59,https://i.imgur.com/mQD56VB.png,4.3,2,https://i.imgur.com/veHPMYy.png,https://i.imgur.com/dxAKI3i.png,Bi,Spelling,A,B,C,D,,English,60,Vidya,ssc
60,https://i.imgur.com/bFqDIRu.png,4.3,1,https://i.imgur.com/veHPMYy.png,https://i.imgur.com/G8mxuPV.png,Bi,Spelling,A,B,C,D,,English,61,Vidya,ssc
61,https://i.imgur.com/OInKCHn.png,4.3,2,https://i.imgur.com/veHPMYy.png,https://i.imgur.com/5GNajG9.png,Bi,Spelling,A,B,C,D,,English,62,Vidya,ssc
62,https://i.imgur.com/A1Rr4Co.png,4.3,1,https://i.imgur.com/veHPMYy.png,https://i.imgur.com/CTIHiCj.png,Bi,Spelling,A,B,C,D,,English,63,Vidya,ssc
63,https://i.imgur.com/oR0JCgo.png,4.3,1,https://i.imgur.com/veHPMYy.png,https://i.imgur.com/Iw88Pg2.png,Bi,Spelling,A,B,C,D,,English,64,Vidya,ssc
64,https://i.imgur.com/vVPQPeZ.png,4.3,4,https://i.imgur.com/veHPMYy.png,https://i.imgur.com/x7Su8rd.png,Bi,Spelling,A,B,C,D,,English,65,Vidya,ssc
65,https://i.imgur.com/6pSTTuY.png,4.3,2,https://i.imgur.com/veHPMYy.png,https://i.imgur.com/sGJR9eN.png,Bi,Spelling,A,B,C,D,,English,66,Vidya,ssc
66,https://i.imgur.com/GkaOA3Q.png,4.3,2,https://i.imgur.com/veHPMYy.png,https://i.imgur.com/bebuPbM.png,Bi,Spelling,A,B,C,D,,English,67,Vidya,ssc
67,https://i.imgur.com/ihyM5jR.png,4.3,4,https://i.imgur.com/veHPMYy.png,https://i.imgur.com/22zQWTn.png,Bi,Spelling,A,B,C,D,,English,68,Vidya,ssc
68,https://i.imgur.com/sB2x53p.png,4.3,1,https://i.imgur.com/veHPMYy.png,https://i.imgur.com/3cMqrFX.png,Bi,Spelling,A,B,C,D,,English,69,Vidya,ssc
69,https://i.imgur.com/Qc8hXSH.png,4.3,3,https://i.imgur.com/veHPMYy.png,https://i.imgur.com/JDYNIBK.png,Bi,Spelling,A,B,C,D,,English,70,Vidya,ssc
70,https://i.imgur.com/rcMoSHM.png,4.3,1,https://i.imgur.com/veHPMYy.png,https://i.imgur.com/FJqKUDp.png,Bi,Spelling,A,B,C,D,,English,71,Vidya,ssc
71,https://i.imgur.com/bFGSGRL.png,4.3,4,https://i.imgur.com/veHPMYy.png,https://i.imgur.com/XkAMSYE.png,Bi,Spelling,A,B,C,D,,English,72,Vidya,ssc
72,https://i.imgur.com/uufgqh9.png,4.3,1,https://i.imgur.com/veHPMYy.png,https://i.imgur.com/aLRpZj4.png,Bi,Spelling,A,B,C,D,,English,73,Vidya,ssc
73,https://i.imgur.com/iKPs3b1.png,4.3,1,https://i.imgur.com/veHPMYy.png,https://i.imgur.com/7BczXZX.png,Bi,Spelling,A,B,C,D,,English,74,Vidya,ssc
74,https://i.imgur.com/gis09rL.png,4.3,1,https://i.imgur.com/veHPMYy.png,https://i.imgur.com/AV43lsT.png,Bi,Spelling,A,B,C,D,,English,75,Vidya,ssc
75,https://i.imgur.com/TbSfu4e.png,4.3,2,https://i.imgur.com/veHPMYy.png,https://i.imgur.com/3y9dIoY.png,Bi,Spelling,A,B,C,D,,English,76,Vidya,ssc
76,https://i.imgur.com/ne4OoXT.png,4.3,3,https://i.imgur.com/veHPMYy.png,https://i.imgur.com/kFVY5Eb.png,Bi,Spelling,A,B,C,D,,English,77,Vidya,ssc
77,https://i.imgur.com/Aw6Aj92.png,4.3,2,https://i.imgur.com/veHPMYy.png,https://i.imgur.com/q51k15U.png,Bi,Spelling,A,B,C,D,,English,78,Vidya,ssc
78,https://i.imgur.com/oBe3mjG.png,4.3,1,https://i.imgur.com/veHPMYy.png,https://i.imgur.com/Qjv2PLR.png,Bi,Spelling,A,B,C,D,,English,79,Vidya,ssc
79,https://i.imgur.com/B9n5eBB.png,4.3,4,https://i.imgur.com/veHPMYy.png,https://i.imgur.com/vfhsX2G.png,Bi,Spelling,A,B,C,D,,English,80,Vidya,ssc
80,https://i.imgur.com/fzmyTWc.png,4.3,3,https://i.imgur.com/veHPMYy.png,https://i.imgur.com/2vgXw83.png,Bi,Spelling,A,B,C,D,,English,81,Vidya,ssc
81,https://i.imgur.com/74eQxuA.png,4.3,4,https://i.imgur.com/veHPMYy.png,https://i.imgur.com/UI0lmg9.png,Bi,Spelling,A,B,C,D,,English,82,Vidya,ssc
82,https://i.imgur.com/5g7rA6c.png,4.3,2,https://i.imgur.com/veHPMYy.png,https://i.imgur.com/pSMj9OQ.png,Bi,Spelling,A,B,C,D,,English,83,Vidya,ssc
83,https://i.imgur.com/Gnxo68r.png,4.3,1,https://i.imgur.com/22i1Y9A.png,https://i.imgur.com/HYw2fKn.png,Bi,Spelling,A,B,C,D,,English,1,Vidya,ssc
84,https://i.imgur.com/4zgMoqf.png,4.3,1,https://i.imgur.com/22i1Y9A.png,https://i.imgur.com/X8i15XI.png,Bi,Spelling,A,B,C,D,,English,2,Vidya,ssc
85,https://i.imgur.com/Yw4orcy.png,4.3,3,https://i.imgur.com/22i1Y9A.png,https://i.imgur.com/GKZwBh2.png,Bi,Spelling,A,B,C,D,,English,3,Vidya,ssc
86,https://i.imgur.com/wGGtRLc.png,4.3,1,https://i.imgur.com/22i1Y9A.png,https://i.imgur.com/88rgHeN.png,Bi,Spelling,A,B,C,D,,English,4,Vidya,ssc
87,https://i.imgur.com/YcUYdXm.png,4.3,4,https://i.imgur.com/22i1Y9A.png,https://i.imgur.com/DBRNVad.png,Bi,Spelling,A,B,C,D,,English,5,Vidya,ssc
88,https://i.imgur.com/OzCxVHB.png,4.3,3,https://i.imgur.com/22i1Y9A.png,https://i.imgur.com/uIVoDVt.png,Bi,Spelling,A,B,C,D,,English,6,Vidya,ssc
89,https://i.imgur.com/lcK6nPy.png,4.3,4,https://i.imgur.com/22i1Y9A.png,https://i.imgur.com/qq2CyX9.png,Bi,Spelling,A,B,C,D,,English,7,Vidya,ssc
90,https://i.imgur.com/L8n6aCO.png,4.3,2,https://i.imgur.com/22i1Y9A.png,https://i.imgur.com/u0q2cvf.png,Bi,Spelling,A,B,C,D,,English,8,Vidya,ssc
91,https://i.imgur.com/HrmqKHA.png,4.3,1,https://i.imgur.com/22i1Y9A.png,https://i.imgur.com/zfC4Hkg.png,Bi,Spelling,A,B,C,D,,English,9,Vidya,ssc
92,https://i.imgur.com/lst0Ftz.png,4.3,1,https://i.imgur.com/22i1Y9A.png,https://i.imgur.com/iyNRP9D.png,Bi,Spelling,A,B,C,D,,English,10,Vidya,ssc
93,https://i.imgur.com/8f24Ycq.png,4.3,2,https://i.imgur.com/22i1Y9A.png,https://i.imgur.com/FMrRCzL.png,Bi,Spelling,A,B,C,D,,English,11,Vidya,ssc
94,https://i.imgur.com/qEXU1hW.png,4.3,2,https://i.imgur.com/22i1Y9A.png,https://i.imgur.com/kXkchqH.png,Bi,Spelling,A,B,C,D,,English,12,Vidya,ssc
95,https://i.imgur.com/DTUIC8V.png,4.3,4,https://i.imgur.com/22i1Y9A.png,https://i.imgur.com/tYZ4LWC.png,Bi,Spelling,A,B,C,D,,English,13,Vidya,ssc
96,https://i.imgur.com/cHqYU5H.png,4.3,3,https://i.imgur.com/22i1Y9A.png,https://i.imgur.com/NjI0HXw.png,Bi,Spelling,A,B,C,D,,English,14,Vidya,ssc
97,https://i.imgur.com/Luv0cb8.png,4.3,4,https://i.imgur.com/22i1Y9A.png,https://i.imgur.com/SUSGKng.png,Bi,Spelling,A,B,C,D,,English,15,Vidya,ssc
98,https://i.imgur.com/LeCE5dB.png,4.3,2,https://i.imgur.com/22i1Y9A.png,https://i.imgur.com/Lg5CXoQ.png,Bi,Spelling,A,B,C,D,,English,16,Vidya,ssc
99,https://i.imgur.com/FOYDR22.png,4.3,1,https://i.imgur.com/22i1Y9A.png,https://i.imgur.com/G2bnUlq.png,Bi,Spelling,A,B,C,D,,English,17,Vidya,ssc
100,https://i.imgur.com/UkkqrsT.png,4.3,2,https://i.imgur.com/22i1Y9A.png,https://i.imgur.com/XQIvMBG.png,Bi,Spelling,A,B,C,D,,English,18,Vidya,ssc
101,https://i.imgur.com/NinPirW.png,4.3,3,https://i.imgur.com/22i1Y9A.png,https://i.imgur.com/kqg4mCu.png,Bi,Spelling,A,B,C,D,,English,19,Vidya,ssc
102,https://i.imgur.com/UdIm6dI.png,4.3,1,https://i.imgur.com/22i1Y9A.png,https://i.imgur.com/DAVXZAc.png,Bi,Spelling,A,B,C,D,,English,20,Vidya,ssc
103,https://i.imgur.com/hz7WmXp.png,4.3,2,https://i.imgur.com/22i1Y9A.png,https://i.imgur.com/vxXamAZ.png,Bi,Spelling,A,B,C,D,,English,21,Vidya,ssc
104,https://i.imgur.com/nwz0L9B.png,4.3,1,https://i.imgur.com/22i1Y9A.png,https://i.imgur.com/8VdqUoX.png,Bi,Spelling,A,B,C,D,,English,22,Vidya,ssc
105,https://i.imgur.com/yM5ScgU.png,4.3,4,https://i.imgur.com/22i1Y9A.png,https://i.imgur.com/LjIi7EV.png,Bi,Spelling,A,B,C,D,,English,23,Vidya,ssc
106,https://i.imgur.com/Pd08lXD.png,4.3,2,https://i.imgur.com/22i1Y9A.png,https://i.imgur.com/TeFAVFp.png,Bi,Spelling,A,B,C,D,,English,24,Vidya,ssc
107,https://i.imgur.com/oc0xYTp.png,4.3,3,https://i.imgur.com/22i1Y9A.png,https://i.imgur.com/iRncEEV.png,Bi,Spelling,A,B,C,D,,English,25,Vidya,ssc
108,https://i.imgur.com/x6QF6F2.png,4.3,4,https://i.imgur.com/22i1Y9A.png,https://i.imgur.com/kxbyMaa.png,Bi,Spelling,A,B,C,D,,English,26,Vidya,ssc
109,https://i.imgur.com/xZQgOPB.png,4.3,1,https://i.imgur.com/22i1Y9A.png,https://i.imgur.com/4CtPKqN.png,Bi,Spelling,A,B,C,D,,English,27,Vidya,ssc
110,https://i.imgur.com/hyMD2Yw.png,4.3,4,https://i.imgur.com/22i1Y9A.png,https://i.imgur.com/TWJONUU.png,Bi,Spelling,A,B,C,D,,English,28,Vidya,ssc
111,https://i.imgur.com/LEGE85d.png,4.3,3,https://i.imgur.com/22i1Y9A.png,https://i.imgur.com/0X2MyqS.png,Bi,Spelling,A,B,C,D,,English,29,Vidya,ssc
112,https://i.imgur.com/Vrrmsqf.png,4.3,4,https://i.imgur.com/22i1Y9A.png,https://i.imgur.com/m5X9N62.png,Bi,Spelling,A,B,C,D,,English,30,Vidya,ssc
113,https://i.imgur.com/N6Xsgmz.png,4.3,2,https://i.imgur.com/22i1Y9A.png,https://i.imgur.com/2gcAvgo.png,Bi,Spelling,A,B,C,D,,English,31,Vidya,ssc
114,https://i.imgur.com/HMVJ71t.png,4.3,2,https://i.imgur.com/22i1Y9A.png,https://i.imgur.com/sLbqIdl.png,Bi,Spelling,A,B,C,D,,English,32,Vidya,ssc
115,https://i.imgur.com/SZ7Qo4J.png,4.3,1,https://i.imgur.com/22i1Y9A.png,https://i.imgur.com/FhVxOn0.png,Bi,Spelling,A,B,C,D,,English,33,Vidya,ssc
116,https://i.imgur.com/bIMyRZC.png,4.3,1,https://i.imgur.com/22i1Y9A.png,https://i.imgur.com/Xkg5tb0.png,Bi,Spelling,A,B,C,D,,English,34,Vidya,ssc
117,https://i.imgur.com/7t9GRsc.png,4.3,3,https://i.imgur.com/22i1Y9A.png,https://i.imgur.com/4RKjKJQ.png,Bi,Spelling,A,B,C,D,,English,35,Vidya,ssc
118,https://i.imgur.com/DeF0Vic.png,4.3,4,https://i.imgur.com/22i1Y9A.png,https://i.imgur.com/h039kaX.png,Bi,Spelling,A,B,C,D,,English,36,Vidya,ssc
119,https://i.imgur.com/VqQZ7dg.png,4.3,4,https://i.imgur.com/22i1Y9A.png,https://i.imgur.com/iClqybr.png,Bi,Spelling,A,B,C,D,,English,37,Vidya,ssc
120,https://i.imgur.com/PNtaFBb.png,4.3,1,https://i.imgur.com/22i1Y9A.png,https://i.imgur.com/LS0TteG.png,Bi,Spelling,A,B,C,D,,English,38,Vidya,ssc
121,https://i.imgur.com/RSKEtfF.png,4.3,2,https://i.imgur.com/22i1Y9A.png,https://i.imgur.com/KhkWAXv.png,Bi,Spelling,A,B,C,D,,English,39,Vidya,ssc
122,https://i.imgur.com/suy5bAX.png,4.3,2,https://i.imgur.com/22i1Y9A.png,https://i.imgur.com/rXeKeAH.png,Bi,Spelling,A,B,C,D,,English,40,Vidya,ssc
123,https://i.imgur.com/1JD2WdR.png,4.3,3,https://i.imgur.com/22i1Y9A.png,https://i.imgur.com/RXQTqx5.png,Bi,Spelling,A,B,C,D,,English,41,Vidya,ssc
124,https://i.imgur.com/TgZLoMh.png,4.3,3,https://i.imgur.com/22i1Y9A.png,https://i.imgur.com/ffqplm5.png,Bi,Spelling,A,B,C,D,,English,42,Vidya,ssc
125,https://i.imgur.com/P9Wj0rU.png,4.3,2,https://i.imgur.com/22i1Y9A.png,https://i.imgur.com/tvQCgLG.png,Bi,Spelling,A,B,C,D,,English,43,Vidya,ssc
126,https://i.imgur.com/Dqa7I1A.png,4.3,1,https://i.imgur.com/22i1Y9A.png,https://i.imgur.com/6KAi9FP.png,Bi,Spelling,A,B,C,D,,English,44,Vidya,ssc
127,https://i.imgur.com/OtDDAmZ.png,4.3,2,https://i.imgur.com/22i1Y9A.png,https://i.imgur.com/8I6GiTs.png,Bi,Spelling,A,B,C,D,,English,45,Vidya,ssc
128,https://i.imgur.com/3XlhvvE.png,4.3,3,https://i.imgur.com/22i1Y9A.png,https://i.imgur.com/CKiw7HR.png,Bi,Spelling,A,B,C,D,,English,46,Vidya,ssc
129,https://i.imgur.com/TtBDtms.png,4.3,4,https://i.imgur.com/22i1Y9A.png,https://i.imgur.com/JtBjZxh.png,Bi,Spelling,A,B,C,D,,English,47,Vidya,ssc
130,https://i.imgur.com/lWXDQ78.png,4.3,1,https://i.imgur.com/22i1Y9A.png,https://i.imgur.com/gIojQfC.png,Bi,Spelling,A,B,C,D,,English,48,Vidya,ssc
131,https://i.imgur.com/Lg0vWrj.png,4.3,1,https://i.imgur.com/22i1Y9A.png,https://i.imgur.com/WzT96st.png,Bi,Spelling,A,B,C,D,,English,49,Vidya,ssc
132,https://i.imgur.com/NQnYDmC.png,4.3,4,https://i.imgur.com/22i1Y9A.png,https://i.imgur.com/oS0XvsF.png,Bi,Spelling,A,B,C,D,,English,50,Vidya,ssc
133,https://i.imgur.com/wyxeqee.png,4.3,3,https://i.imgur.com/22i1Y9A.png,https://i.imgur.com/V3hwvu7.png,Bi,Spelling,A,B,C,D,,English,51,Vidya,ssc
134,https://i.imgur.com/5ZKSUh5.png,4.3,4,https://i.imgur.com/22i1Y9A.png,https://i.imgur.com/7DEOxDz.png,Bi,Spelling,A,B,C,D,,English,52,Vidya,ssc
135,https://i.imgur.com/uBJqLke.png,4.3,1,https://i.imgur.com/22i1Y9A.png,https://i.imgur.com/EYTOLcK.png,Bi,Spelling,A,B,C,D,,English,54,Vidya,ssc
136,https://i.imgur.com/EHpHJvy.png,4.3,2,https://i.imgur.com/22i1Y9A.png,https://i.imgur.com/CT20fb5.png,Bi,Spelling,A,B,C,D,,English,55,Vidya,ssc
137,https://i.imgur.com/eodZf5c.png,4.3,4,https://i.imgur.com/22i1Y9A.png,https://i.imgur.com/1y1nFtj.png,Bi,Spelling,A,B,C,D,,English,56,Vidya,ssc
138,https://i.imgur.com/1ctWwHO.png,4.3,3,https://i.imgur.com/22i1Y9A.png,https://i.imgur.com/jM4PORb.png,Bi,Spelling,A,B,C,D,,English,57,Vidya,ssc
139,https://i.imgur.com/06z9AR3.png,4.3,2,https://i.imgur.com/22i1Y9A.png,https://i.imgur.com/2gsyGwe.png,Bi,Spelling,A,B,C,D,,English,58,Vidya,ssc
140,https://i.imgur.com/epx6bCr.png,4.3,1,https://i.imgur.com/22i1Y9A.png,https://i.imgur.com/P3E2Hxo.png,Bi,Spelling,A,B,C,D,,English,59,Vidya,ssc
141,https://i.imgur.com/hFPhiZS.png,4.3,1,https://i.imgur.com/22i1Y9A.png,https://i.imgur.com/ueuNtkc.png,Bi,Spelling,A,B,C,D,,English,60,Vidya,ssc
142,https://i.imgur.com/EJdLWol.png,4.3,2,https://i.imgur.com/22i1Y9A.png,https://i.imgur.com/1TI8idV.png,Bi,Spelling,A,B,C,D,,English,61,Vidya,ssc
143,https://i.imgur.com/Ok6nHaT.png,4.3,4,https://i.imgur.com/22i1Y9A.png,https://i.imgur.com/LEx4YaT.png,Bi,Spelling,A,B,C,D,,English,62,Vidya,ssc
0,https://i.imgur.com/brpc0uF.png,1.4,4,https://i.imgur.com/80zEKlO.png,https://i.imgur.com/XYnKacX.png,Bi,Idioms & Phrases,A,B,C,D,,English,1,Vidya,ssc
1,https://i.imgur.com/nKl5Mih.png,1.4,2,https://i.imgur.com/80zEKlO.png,https://i.imgur.com/h82YHoU.png,Bi,Idioms & Phrases,A,B,C,D,,English,2,Vidya,ssc
2,https://i.imgur.com/07kG5Uz.png,1.4,1,https://i.imgur.com/80zEKlO.png,https://i.imgur.com/DEwuL4l.png,Bi,Idioms & Phrases,A,B,C,D,,English,3,Vidya,ssc
3,https://i.imgur.com/hJsWIKd.png,1.4,3,https://i.imgur.com/80zEKlO.png,https://i.imgur.com/r4n0VbJ.png,Bi,Idioms & Phrases,A,B,C,D,,English,4,Vidya,ssc
4,https://i.imgur.com/PEFZAiy.png,1.4,1,https://i.imgur.com/80zEKlO.png,https://i.imgur.com/qN3RtwK.png,Bi,Idioms & Phrases,A,B,C,D,,English,5,Vidya,ssc
5,https://i.imgur.com/9GpaR2V.png,1.4,2,https://i.imgur.com/80zEKlO.png,https://i.imgur.com/jfIniyk.png,Bi,Idioms & Phrases,A,B,C,D,,English,6,Vidya,ssc
6,https://i.imgur.com/a1DkALZ.png,1.4,3,https://i.imgur.com/80zEKlO.png,https://i.imgur.com/nJtvZFu.png,Bi,Idioms & Phrases,A,B,C,D,,English,7,Vidya,ssc
7,https://i.imgur.com/JhMZf0J.png,1.4,3,https://i.imgur.com/80zEKlO.png,https://i.imgur.com/AijimdO.png,Bi,Idioms & Phrases,A,B,C,D,,English,8,Vidya,ssc
8,https://i.imgur.com/7gOnqrd.png,1.4,3,https://i.imgur.com/80zEKlO.png,https://i.imgur.com/Y8liDOB.png,Bi,Idioms & Phrases,A,B,C,D,,English,9,Vidya,ssc
9,https://i.imgur.com/6KzUoZc.png,1.4,4,https://i.imgur.com/80zEKlO.png,https://i.imgur.com/fNBTJvo.png,Bi,Idioms & Phrases,A,B,C,D,,English,10,Vidya,ssc
10,https://i.imgur.com/wOTi3eM.png,1.4,3,https://i.imgur.com/80zEKlO.png,https://i.imgur.com/QaAkYrR.png,Bi,Idioms & Phrases,A,B,C,D,,English,11,Vidya,ssc
11,https://i.imgur.com/96dGZI8.png,1.4,2,https://i.imgur.com/80zEKlO.png,https://i.imgur.com/ytZVM5H.png,Bi,Idioms & Phrases,A,B,C,D,,English,12,Vidya,ssc
12,https://i.imgur.com/5zs9D41.png,1.4,3,https://i.imgur.com/80zEKlO.png,https://i.imgur.com/nobpfQy.png,Bi,Idioms & Phrases,A,B,C,D,,English,13,Vidya,ssc
13,https://i.imgur.com/qkGPwR7.png,1.4,2,https://i.imgur.com/80zEKlO.png,https://i.imgur.com/Xn3FwvJ.png,Bi,Idioms & Phrases,A,B,C,D,,English,14,Vidya,ssc
14,https://i.imgur.com/WRe2qu8.png,1.4,1,https://i.imgur.com/80zEKlO.png,https://i.imgur.com/WMMrQMs.png,Bi,Idioms & Phrases,A,B,C,D,,English,15,Vidya,ssc
15,https://i.imgur.com/9TmVjpR.png,1.4,2,https://i.imgur.com/80zEKlO.png,https://i.imgur.com/jrzVdrH.png,Bi,Idioms & Phrases,A,B,C,D,,English,16,Vidya,ssc
16,https://i.imgur.com/mtpafnu.png,1.4,3,https://i.imgur.com/80zEKlO.png,https://i.imgur.com/UJGi6nT.png,Bi,Idioms & Phrases,A,B,C,D,,English,17,Vidya,ssc
17,https://i.imgur.com/xCl6Jar.png,1.4,3,https://i.imgur.com/80zEKlO.png,https://i.imgur.com/4KyyGYa.png,Bi,Idioms & Phrases,A,B,C,D,,English,19,Vidya,ssc
18,https://i.imgur.com/xu3WLZs.png,1.4,1,https://i.imgur.com/80zEKlO.png,https://i.imgur.com/Kvr768p.png,Bi,Idioms & Phrases,A,B,C,D,,English,20,Vidya,ssc
19,https://i.imgur.com/MeGeXNp.png,1.4,3,https://i.imgur.com/80zEKlO.png,https://i.imgur.com/8w51aBQ.png,Bi,Idioms & Phrases,A,B,C,D,,English,21,Vidya,ssc
20,https://i.imgur.com/Li1KF02.png,1.4,3,https://i.imgur.com/80zEKlO.png,https://i.imgur.com/msUOxSG.png,Bi,Idioms & Phrases,A,B,C,D,,English,22,Vidya,ssc
21,https://i.imgur.com/CjsJuBH.png,1.4,2,https://i.imgur.com/80zEKlO.png,https://i.imgur.com/mgvG8Au.png,Bi,Idioms & Phrases,A,B,C,D,,English,23,Vidya,ssc
22,https://i.imgur.com/chQVcwR.png,1.4,1,https://i.imgur.com/80zEKlO.png,https://i.imgur.com/7Bwu5kU.png,Bi,Idioms & Phrases,A,B,C,D,,English,24,Vidya,ssc
23,https://i.imgur.com/JJSnXrj.png,1.4,2,https://i.imgur.com/80zEKlO.png,https://i.imgur.com/GvUxLsy.png,Bi,Idioms & Phrases,A,B,C,D,,English,25,Vidya,ssc
24,https://i.imgur.com/8GIqlM5.png,1.4,3,https://i.imgur.com/80zEKlO.png,https://i.imgur.com/ocraHx5.png,Bi,Idioms & Phrases,A,B,C,D,,English,26,Vidya,ssc
25,https://i.imgur.com/XZn2xeL.png,1.4,1,https://i.imgur.com/80zEKlO.png,https://i.imgur.com/9fBt7LX.png,Bi,Idioms & Phrases,A,B,C,D,,English,27,Vidya,ssc
26,https://i.imgur.com/GbLmW3p.png,1.4,4,https://i.imgur.com/80zEKlO.png,https://i.imgur.com/QvfSdYT.png,Bi,Idioms & Phrases,A,B,C,D,,English,28,Vidya,ssc
27,https://i.imgur.com/SZn1qQb.png,1.4,4,https://i.imgur.com/80zEKlO.png,https://i.imgur.com/uWUAwWz.png,Bi,Idioms & Phrases,A,B,C,D,,English,29,Vidya,ssc
28,https://i.imgur.com/CSaZsCS.png,1.4,2,https://i.imgur.com/80zEKlO.png,https://i.imgur.com/8QLqOEI.png,Bi,Idioms & Phrases,A,B,C,D,,English,30,Vidya,ssc
29,https://i.imgur.com/0Y1Nn04.png,1.4,1,https://i.imgur.com/80zEKlO.png,https://i.imgur.com/Pet1tqv.png,Bi,Idioms & Phrases,A,B,C,D,,English,31,Vidya,ssc
30,https://i.imgur.com/lt5N32V.png,1.4,1,https://i.imgur.com/80zEKlO.png,https://i.imgur.com/5IZgDG7.png,Bi,Idioms & Phrases,A,B,C,D,,English,32,Vidya,ssc
31,https://i.imgur.com/tgIy89J.png,1.4,3,https://i.imgur.com/80zEKlO.png,https://i.imgur.com/eahzmjg.png,Bi,Idioms & Phrases,A,B,C,D,,English,33,Vidya,ssc
32,https://i.imgur.com/0mxIBoT.png,1.4,1,https://i.imgur.com/80zEKlO.png,https://i.imgur.com/KfSAV8V.png,Bi,Idioms & Phrases,A,B,C,D,,English,34,Vidya,ssc
33,https://i.imgur.com/cbwAbb6.png,1.4,3,https://i.imgur.com/80zEKlO.png,https://i.imgur.com/9edhebv.png,Bi,Idioms & Phrases,A,B,C,D,,English,35,Vidya,ssc
34,https://i.imgur.com/tThjtpF.png,1.4,4,https://i.imgur.com/80zEKlO.png,https://i.imgur.com/GqKvBPz.png,Bi,Idioms & Phrases,A,B,C,D,,English,36,Vidya,ssc
35,https://i.imgur.com/d7AiPij.png,1.4,1,https://i.imgur.com/80zEKlO.png,https://i.imgur.com/m34uDnZ.png,Bi,Idioms & Phrases,A,B,C,D,,English,37,Vidya,ssc
36,https://i.imgur.com/RDarjwq.png,1.4,3,https://i.imgur.com/80zEKlO.png,https://i.imgur.com/K5Zv2J6.png,Bi,Idioms & Phrases,A,B,C,D,,English,38,Vidya,ssc
37,https://i.imgur.com/JVFd4nS.png,1.4,4,https://i.imgur.com/80zEKlO.png,https://i.imgur.com/HXyroOt.png,Bi,Idioms & Phrases,A,B,C,D,,English,40,Vidya,ssc
38,https://i.imgur.com/NXv2AIN.png,1.4,1,https://i.imgur.com/80zEKlO.png,https://i.imgur.com/1sO4akM.png,Bi,Idioms & Phrases,A,B,C,D,,English,41,Vidya,ssc
39,https://i.imgur.com/TmHxciS.png,1.4,2,https://i.imgur.com/80zEKlO.png,https://i.imgur.com/igoD8Fm.png,Bi,Idioms & Phrases,A,B,C,D,,English,42,Vidya,ssc
40,https://i.imgur.com/PQQiXZa.png,1.4,2,https://i.imgur.com/80zEKlO.png,https://i.imgur.com/oR1V99P.png,Bi,Idioms & Phrases,A,B,C,D,,English,43,Vidya,ssc
41,https://i.imgur.com/67ACnYT.png,1.4,1,https://i.imgur.com/80zEKlO.png,https://i.imgur.com/YYzB849.png,Bi,Idioms & Phrases,A,B,C,D,,English,45,Vidya,ssc
42,https://i.imgur.com/9xSL7Nr.png,1.4,3,https://i.imgur.com/80zEKlO.png,https://i.imgur.com/IXmQzMX.png,Bi,Idioms & Phrases,A,B,C,D,,English,46,Vidya,ssc
43,https://i.imgur.com/yTW1bwN.png,1.4,1,https://i.imgur.com/80zEKlO.png,https://i.imgur.com/SxCsvrK.png,Bi,Idioms & Phrases,A,B,C,D,,English,47,Vidya,ssc
44,https://i.imgur.com/ZX8eXyy.png,1.4,1,https://i.imgur.com/80zEKlO.png,https://i.imgur.com/o61KM9L.png,Bi,Idioms & Phrases,A,B,C,D,,English,48,Vidya,ssc
45,https://i.imgur.com/2VPHyxV.png,1.4,4,https://i.imgur.com/80zEKlO.png,https://i.imgur.com/EZ12JGZ.png,Bi,Idioms & Phrases,A,B,C,D,,English,50,Vidya,ssc
46,https://i.imgur.com/fOYOKMb.png,1.4,2,https://i.imgur.com/80zEKlO.png,https://i.imgur.com/OenAoWH.png,Bi,Idioms & Phrases,A,B,C,D,,English,51,Vidya,ssc
47,https://i.imgur.com/wfpwkk2.png,1.4,1,https://i.imgur.com/80zEKlO.png,https://i.imgur.com/kNBzRMR.png,Bi,Idioms & Phrases,A,B,C,D,,English,52,Vidya,ssc
48,https://i.imgur.com/h29tsyJ.png,1.4,3,https://i.imgur.com/80zEKlO.png,https://i.imgur.com/QS3RRsn.png,Bi,Idioms & Phrases,A,B,C,D,,English,53,Vidya,ssc
49,https://i.imgur.com/UiizqZd.png,1.4,4,https://i.imgur.com/80zEKlO.png,https://i.imgur.com/2WlMlvz.png,Bi,Idioms & Phrases,A,B,C,D,,English,54,Vidya,ssc
50,https://i.imgur.com/2lfAqrm.png,1.4,3,https://i.imgur.com/80zEKlO.png,https://i.imgur.com/ZnQXEVi.png,Bi,Idioms & Phrases,A,B,C,D,,English,55,Vidya,ssc
51,https://i.imgur.com/owCth6O.png,1.4,2,https://i.imgur.com/80zEKlO.png,https://i.imgur.com/7PIpGgz.png,Bi,Idioms & Phrases,A,B,C,D,,English,56,Vidya,ssc
52,https://i.imgur.com/C2jASkq.png,1.4,3,https://i.imgur.com/80zEKlO.png,https://i.imgur.com/thPafTk.png,Bi,Idioms & Phrases,A,B,C,D,,English,57,Vidya,ssc
53,https://i.imgur.com/HDxS6MK.png,1.4,1,https://i.imgur.com/80zEKlO.png,https://i.imgur.com/9w22sRb.png,Bi,Idioms & Phrases,A,B,C,D,,English,59,Vidya,ssc
54,https://i.imgur.com/xTPjo7s.png,1.4,4,https://i.imgur.com/80zEKlO.png,https://i.imgur.com/nOZzeoD.png,Bi,Idioms & Phrases,A,B,C,D,,English,60,Vidya,ssc
55,https://i.imgur.com/iqY6dhw.png,1.4,3,https://i.imgur.com/80zEKlO.png,https://i.imgur.com/atG57i4.png,Bi,Idioms & Phrases,A,B,C,D,,English,61,Vidya,ssc
56,https://i.imgur.com/03jHX3U.png,1.4,4,https://i.imgur.com/80zEKlO.png,https://i.imgur.com/BOp1CiX.png,Bi,Idioms & Phrases,A,B,C,D,,English,62,Vidya,ssc
57,https://i.imgur.com/h0MVQwA.png,1.4,4,https://i.imgur.com/80zEKlO.png,https://i.imgur.com/rFXC8nQ.png,Bi,Idioms & Phrases,A,B,C,D,,English,63,Vidya,ssc
58,https://i.imgur.com/Q98HLaF.png,1.4,4,https://i.imgur.com/80zEKlO.png,https://i.imgur.com/UH3zOAA.png,Bi,Idioms & Phrases,A,B,C,D,,English,64,Vidya,ssc
59,https://i.imgur.com/f5G6DDA.png,1.4,3,https://i.imgur.com/80zEKlO.png,https://i.imgur.com/uW0vHDg.png,Bi,Idioms & Phrases,A,B,C,D,,English,65,Vidya,ssc
60,https://i.imgur.com/aOgiWpP.png,1.4,4,https://i.imgur.com/80zEKlO.png,https://i.imgur.com/ZE3wGBc.png,Bi,Idioms & Phrases,A,B,C,D,,English,66,Vidya,ssc
61,https://i.imgur.com/eB6NqMy.png,1.4,1,https://i.imgur.com/80zEKlO.png,https://i.imgur.com/mgQsWKK.png,Bi,Idioms & Phrases,A,B,C,D,,English,67,Vidya,ssc
62,https://i.imgur.com/07BakTA.png,1.4,4,https://i.imgur.com/80zEKlO.png,https://i.imgur.com/doErBsG.png,Bi,Idioms & Phrases,A,B,C,D,,English,68,Vidya,ssc
63,https://i.imgur.com/Y6T7Gp5.png,1.4,2,https://i.imgur.com/80zEKlO.png,https://i.imgur.com/RG4TQGZ.png,Bi,Idioms & Phrases,A,B,C,D,,English,70,Vidya,ssc
64,https://i.imgur.com/H3VLNXm.png,1.4,3,https://i.imgur.com/80zEKlO.png,https://i.imgur.com/urmudtC.png,Bi,Idioms & Phrases,A,B,C,D,,English,71,Vidya,ssc
65,https://i.imgur.com/rGWObW3.png,1.4,4,https://i.imgur.com/80zEKlO.png,https://i.imgur.com/MHl2m8p.png,Bi,Idioms & Phrases,A,B,C,D,,English,72,Vidya,ssc
66,https://i.imgur.com/tGlxnCB.png,1.4,2,https://i.imgur.com/80zEKlO.png,https://i.imgur.com/rgjCMa7.png,Bi,Idioms & Phrases,A,B,C,D,,English,73,Vidya,ssc
67,https://i.imgur.com/dZvxdth.png,1.4,2,https://i.imgur.com/80zEKlO.png,https://i.imgur.com/JOx35rv.png,Bi,Idioms & Phrases,A,B,C,D,,English,74,Vidya,ssc
68,https://i.imgur.com/e8yEHCE.png,1.4,4,https://i.imgur.com/80zEKlO.png,https://i.imgur.com/7Zicnng.png,Bi,Idioms & Phrases,A,B,C,D,,English,75,Vidya,ssc
69,https://i.imgur.com/FSFIkKT.png,1.4,2,https://i.imgur.com/80zEKlO.png,https://i.imgur.com/s4j0Yar.png,Bi,Idioms & Phrases,A,B,C,D,,English,76,Vidya,ssc
70,https://i.imgur.com/vb1Z2hw.png,1.4,3,https://i.imgur.com/80zEKlO.png,https://i.imgur.com/EbfEoO3.png,Bi,Idioms & Phrases,A,B,C,D,,English,77,Vidya,ssc
71,https://i.imgur.com/uKhI5B4.png,1.4,4,https://i.imgur.com/80zEKlO.png,https://i.imgur.com/4DnuPbU.png,Bi,Idioms & Phrases,A,B,C,D,,English,78,Vidya,ssc
72,https://i.imgur.com/Hvq1Plr.png,1.4,1,https://i.imgur.com/80zEKlO.png,https://i.imgur.com/DstyD9h.png,Bi,Idioms & Phrases,A,B,C,D,,English,79,Vidya,ssc
73,https://i.imgur.com/kGTCrEE.png,1.4,4,https://i.imgur.com/80zEKlO.png,https://i.imgur.com/diiOxZN.png,Bi,Idioms & Phrases,A,B,C,D,,English,81,Vidya,ssc
74,https://i.imgur.com/xdw6RBK.png,1.4,3,https://i.imgur.com/80zEKlO.png,https://i.imgur.com/GaYeilX.png,Bi,Idioms & Phrases,A,B,C,D,,English,82,Vidya,ssc
75,https://i.imgur.com/ZHktye7.png,1.4,3,https://i.imgur.com/80zEKlO.png,https://i.imgur.com/srv4HtP.png,Bi,Idioms & Phrases,A,B,C,D,,English,83,Vidya,ssc
76,https://i.imgur.com/zDOLnkB.png,1.4,3,https://i.imgur.com/80zEKlO.png,https://i.imgur.com/YdG08yB.png,Bi,Idioms & Phrases,A,B,C,D,,English,84,Vidya,ssc
77,https://i.imgur.com/ID44LhY.png,1.4,3,https://i.imgur.com/80zEKlO.png,https://i.imgur.com/tHG6QFd.png,Bi,Idioms & Phrases,A,B,C,D,,English,85,Vidya,ssc
78,https://i.imgur.com/8q3Bvbq.png,1.4,3,https://i.imgur.com/80zEKlO.png,https://i.imgur.com/u0g28K4.png,Bi,Idioms & Phrases,A,B,C,D,,English,86,Vidya,ssc
79,https://i.imgur.com/nak15qr.png,1.4,4,https://i.imgur.com/NjAmPg5.png,https://i.imgur.com/0TJ7VRV.png,Bi,Idioms & Phrases,A,B,C,D,,English,1,Vidya,ssc
80,https://i.imgur.com/1HCRP3i.png,1.4,3,https://i.imgur.com/NjAmPg5.png,https://i.imgur.com/muDhaz7.png,Bi,Idioms & Phrases,A,B,C,D,,English,2,Vidya,ssc
81,https://i.imgur.com/KxMBSdW.png,1.4,2,https://i.imgur.com/NjAmPg5.png,https://i.imgur.com/yjIEzKU.png,Bi,Idioms & Phrases,A,B,C,D,,English,3,Vidya,ssc
82,https://i.imgur.com/monH201.png,1.4,3,https://i.imgur.com/NjAmPg5.png,https://i.imgur.com/Q4cq0XS.png,Bi,Idioms & Phrases,A,B,C,D,,English,4,Vidya,ssc
83,https://i.imgur.com/ndXmGlU.png,1.4,4,https://i.imgur.com/NjAmPg5.png,https://i.imgur.com/Pu5CSnb.png,Bi,Idioms & Phrases,A,B,C,D,,English,6,Vidya,ssc
84,https://i.imgur.com/L4FFO98.png,1.4,4,https://i.imgur.com/NjAmPg5.png,https://i.imgur.com/XYeZxlr.png,Bi,Idioms & Phrases,A,B,C,D,,English,7,Vidya,ssc
85,https://i.imgur.com/U8q016V.png,1.4,3,https://i.imgur.com/NjAmPg5.png,https://i.imgur.com/dYLnZF5.png,Bi,Idioms & Phrases,A,B,C,D,,English,8,Vidya,ssc
86,https://i.imgur.com/sbjkdYU.png,1.4,2,https://i.imgur.com/NjAmPg5.png,https://i.imgur.com/DaNCw06.png,Bi,Idioms & Phrases,A,B,C,D,,English,9,Vidya,ssc
87,https://i.imgur.com/tYxDm5A.png,1.4,2,https://i.imgur.com/NjAmPg5.png,https://i.imgur.com/DoosndQ.png,Bi,Idioms & Phrases,A,B,C,D,,English,10,Vidya,ssc
88,https://i.imgur.com/y5HMwpW.png,1.4,1,https://i.imgur.com/NjAmPg5.png,https://i.imgur.com/IyL4982.png,Bi,Idioms & Phrases,A,B,C,D,,English,11,Vidya,ssc
89,https://i.imgur.com/8HN8DbU.png,1.4,1,https://i.imgur.com/NjAmPg5.png,https://i.imgur.com/Yf3PMqt.png,Bi,Idioms & Phrases,A,B,C,D,,English,12,Vidya,ssc
90,https://i.imgur.com/oY7NO3Y.png,1.4,4,https://i.imgur.com/NjAmPg5.png,https://i.imgur.com/zupBSsm.png,Bi,Idioms & Phrases,A,B,C,D,,English,13,Vidya,ssc
91,https://i.imgur.com/ieqmLlg.png,1.4,2,https://i.imgur.com/NjAmPg5.png,https://i.imgur.com/NYaG8It.png,Bi,Idioms & Phrases,A,B,C,D,,English,14,Vidya,ssc
92,https://i.imgur.com/5kYuj1x.png,1.4,4,https://i.imgur.com/NjAmPg5.png,https://i.imgur.com/TfEqr4R.png,Bi,Idioms & Phrases,A,B,C,D,,English,15,Vidya,ssc
93,https://i.imgur.com/NWHGgHI.png,1.4,2,https://i.imgur.com/NjAmPg5.png,https://i.imgur.com/fS1UYYq.png,Bi,Idioms & Phrases,A,B,C,D,,English,16,Vidya,ssc
94,https://i.imgur.com/kztXocs.png,1.4,2,https://i.imgur.com/NjAmPg5.png,https://i.imgur.com/Hfq49a8.png,Bi,Idioms & Phrases,A,B,C,D,,English,18,Vidya,ssc
95,https://i.imgur.com/EuNJ2nx.png,1.4,3,https://i.imgur.com/NjAmPg5.png,https://i.imgur.com/d6Ys3rs.png,Bi,Idioms & Phrases,A,B,C,D,,English,19,Vidya,ssc
96,https://i.imgur.com/5kE83oC.png,1.4,1,https://i.imgur.com/NjAmPg5.png,https://i.imgur.com/sTJvB4r.png,Bi,Idioms & Phrases,A,B,C,D,,English,20,Vidya,ssc
97,https://i.imgur.com/F84JOTa.png,1.4,2,https://i.imgur.com/NjAmPg5.png,https://i.imgur.com/kWM3Kj7.png,Bi,Idioms & Phrases,A,B,C,D,,English,21,Vidya,ssc
98,https://i.imgur.com/h1VQreS.png,1.4,2,https://i.imgur.com/NjAmPg5.png,https://i.imgur.com/CGPkd3J.png,Bi,Idioms & Phrases,A,B,C,D,,English,22,Vidya,ssc
99,https://i.imgur.com/pYRtGl5.png,1.4,2,https://i.imgur.com/NjAmPg5.png,https://i.imgur.com/OIMrytY.png,Bi,Idioms & Phrases,A,B,C,D,,English,23,Vidya,ssc
100,https://i.imgur.com/HJDbgNJ.png,1.4,2,https://i.imgur.com/NjAmPg5.png,https://i.imgur.com/qQNlRrA.png,Bi,Idioms & Phrases,A,B,C,D,,English,24,Vidya,ssc
101,https://i.imgur.com/MtT9qi8.png,1.4,1,https://i.imgur.com/NjAmPg5.png,https://i.imgur.com/4oFzxKY.png,Bi,Idioms & Phrases,A,B,C,D,,English,25,Vidya,ssc
102,https://i.imgur.com/P62eM2l.png,1.4,2,https://i.imgur.com/NjAmPg5.png,https://i.imgur.com/2wZrUf1.png,Bi,Idioms & Phrases,A,B,C,D,,English,26,Vidya,ssc
103,https://i.imgur.com/LJlDtz8.png,1.4,1,https://i.imgur.com/NjAmPg5.png,https://i.imgur.com/ycr7PTL.png,Bi,Idioms & Phrases,A,B,C,D,,English,27,Vidya,ssc
104,https://i.imgur.com/vEuLLz2.png,1.4,1,https://i.imgur.com/NjAmPg5.png,https://i.imgur.com/p7Us4Bq.png,Bi,Idioms & Phrases,A,B,C,D,,English,28,Vidya,ssc
105,https://i.imgur.com/VAhAMhs.png,1.4,4,https://i.imgur.com/NjAmPg5.png,https://i.imgur.com/vOGvL5X.png,Bi,Idioms & Phrases,A,B,C,D,,English,29,Vidya,ssc
106,https://i.imgur.com/kNgWR6g.png,1.4,2,https://i.imgur.com/NjAmPg5.png,https://i.imgur.com/QMKTPzK.png,Bi,Idioms & Phrases,A,B,C,D,,English,30,Vidya,ssc
107,https://i.imgur.com/lKlL8Xr.png,1.4,1,https://i.imgur.com/NjAmPg5.png,https://i.imgur.com/JCpY69i.png,Bi,Idioms & Phrases,A,B,C,D,,English,31,Vidya,ssc
108,https://i.imgur.com/zBnZpi9.png,1.4,4,https://i.imgur.com/NjAmPg5.png,https://i.imgur.com/sSSuGRd.png,Bi,Idioms & Phrases,A,B,C,D,,English,32,Vidya,ssc
109,https://i.imgur.com/YVwDBqN.png,1.4,4,https://i.imgur.com/NjAmPg5.png,https://i.imgur.com/U35Tbli.png,Bi,Idioms & Phrases,A,B,C,D,,English,33,Vidya,ssc
110,https://i.imgur.com/cOOJyqT.png,1.4,3,https://i.imgur.com/NjAmPg5.png,https://i.imgur.com/IOKu05A.png,Bi,Idioms & Phrases,A,B,C,D,,English,34,Vidya,ssc
111,https://i.imgur.com/vas6cqD.png,1.4,1,https://i.imgur.com/NjAmPg5.png,https://i.imgur.com/lRXixiI.png,Bi,Idioms & Phrases,A,B,C,D,,English,35,Vidya,ssc
112,https://i.imgur.com/bLCx91e.png,1.4,3,https://i.imgur.com/NjAmPg5.png,https://i.imgur.com/xFKcyjD.png,Bi,Idioms & Phrases,A,B,C,D,,English,36,Vidya,ssc
113,https://i.imgur.com/ZlB284l.png,1.4,1,https://i.imgur.com/NjAmPg5.png,https://i.imgur.com/9vWJBNT.png,Bi,Idioms & Phrases,A,B,C,D,,English,37,Vidya,ssc
114,https://i.imgur.com/1OwmZfF.png,1.4,1,https://i.imgur.com/NjAmPg5.png,https://i.imgur.com/dAQqEYX.png,Bi,Idioms & Phrases,A,B,C,D,,English,38,Vidya,ssc
115,https://i.imgur.com/exa36fz.png,1.4,1,https://i.imgur.com/NjAmPg5.png,https://i.imgur.com/0gOFe6x.png,Bi,Idioms & Phrases,A,B,C,D,,English,39,Vidya,ssc
116,https://i.imgur.com/S6LQMVG.png,1.4,1,https://i.imgur.com/NjAmPg5.png,https://i.imgur.com/6IGAjLc.png,Bi,Idioms & Phrases,A,B,C,D,,English,40,Vidya,ssc
117,https://i.imgur.com/Oh2BXxk.png,1.4,2,https://i.imgur.com/NjAmPg5.png,https://i.imgur.com/5UeSOwP.png,Bi,Idioms & Phrases,A,B,C,D,,English,41,Vidya,ssc
118,https://i.imgur.com/VPjCGk3.png,1.4,3,https://i.imgur.com/NjAmPg5.png,https://i.imgur.com/9ENVIlg.png,Bi,Idioms & Phrases,A,B,C,D,,English,42,Vidya,ssc
119,https://i.imgur.com/5lKozvN.png,1.4,2,https://i.imgur.com/NjAmPg5.png,https://i.imgur.com/jPZEPx5.png,Bi,Idioms & Phrases,A,B,C,D,,English,44,Vidya,ssc
120,https://i.imgur.com/vuNOuOy.png,1.4,4,https://i.imgur.com/NjAmPg5.png,https://i.imgur.com/NguzNC9.png,Bi,Idioms & Phrases,A,B,C,D,,English,45,Vidya,ssc
121,https://i.imgur.com/Gr7HmWG.png,1.4,3,https://i.imgur.com/NjAmPg5.png,https://i.imgur.com/szEdHVt.png,Bi,Idioms & Phrases,A,B,C,D,,English,46,Vidya,ssc
122,https://i.imgur.com/qRsvH83.png,1.4,1,https://i.imgur.com/NjAmPg5.png,https://i.imgur.com/wXgDTcA.png,Bi,Idioms & Phrases,A,B,C,D,,English,47,Vidya,ssc
123,https://i.imgur.com/ZWTquiQ.png,1.4,3,https://i.imgur.com/NjAmPg5.png,https://i.imgur.com/l4vItzz.png,Bi,Idioms & Phrases,A,B,C,D,,English,48,Vidya,ssc
124,https://i.imgur.com/zyiVDWm.png,1.4,1,https://i.imgur.com/NjAmPg5.png,https://i.imgur.com/gkCCzav.png,Bi,Idioms & Phrases,A,B,C,D,,English,49,Vidya,ssc
125,https://i.imgur.com/HlHYCR1.png,1.4,2,https://i.imgur.com/NjAmPg5.png,https://i.imgur.com/Dib5xf6.png,Bi,Idioms & Phrases,A,B,C,D,,English,50,Vidya,ssc
126,https://i.imgur.com/v2WDBgU.png,1.4,2,https://i.imgur.com/NjAmPg5.png,https://i.imgur.com/jK9eik0.png,Bi,Idioms & Phrases,A,B,C,D,,English,51,Vidya,ssc
127,https://i.imgur.com/YZoh97i.png,1.4,2,https://i.imgur.com/NjAmPg5.png,https://i.imgur.com/CWxKfcy.png,Bi,Idioms & Phrases,A,B,C,D,,English,52,Vidya,ssc
128,https://i.imgur.com/qHwpiWz.png,1.4,1,https://i.imgur.com/NjAmPg5.png,https://i.imgur.com/EKAiaYO.png,Bi,Idioms & Phrases,A,B,C,D,,English,53,Vidya,ssc
129,https://i.imgur.com/WsWXFI2.png,1.4,2,https://i.imgur.com/NjAmPg5.png,https://i.imgur.com/9hVWScY.png,Bi,Idioms & Phrases,A,B,C,D,,English,54,Vidya,ssc
130,https://i.imgur.com/5X6Ya1r.png,1.4,4,https://i.imgur.com/NjAmPg5.png,https://i.imgur.com/JNZ8Ozf.png,Bi,Idioms & Phrases,A,B,C,D,,English,55,Vidya,ssc
131,https://i.imgur.com/yr2S7Jo.png,1.4,4,https://i.imgur.com/NjAmPg5.png,https://i.imgur.com/y7Y9rtZ.png,Bi,Idioms & Phrases,A,B,C,D,,English,56,Vidya,ssc
132,https://i.imgur.com/MIus4rW.png,1.4,4,https://i.imgur.com/NjAmPg5.png,https://i.imgur.com/revMO3W.png,Bi,Idioms & Phrases,A,B,C,D,,English,57,Vidya,ssc
133,https://i.imgur.com/PI6zTKC.png,1.4,4,https://i.imgur.com/NjAmPg5.png,https://i.imgur.com/f1u0LiN.png,Bi,Idioms & Phrases,A,B,C,D,,English,58,Vidya,ssc
134,https://i.imgur.com/j7znuzp.png,1.4,4,https://i.imgur.com/NjAmPg5.png,https://i.imgur.com/obWYPaL.png,Bi,Idioms & Phrases,A,B,C,D,,English,59,Vidya,ssc
135,https://i.imgur.com/si8sWYo.png,1.4,2,https://i.imgur.com/NjAmPg5.png,https://i.imgur.com/iA0uvnU.png,Bi,Idioms & Phrases,A,B,C,D,,English,60,Vidya,ssc
136,https://i.imgur.com/ti06dwD.png,1.4,3,https://i.imgur.com/NjAmPg5.png,https://i.imgur.com/oOTjAGl.png,Bi,Idioms & Phrases,A,B,C,D,,English,61,Vidya,ssc
137,https://i.imgur.com/HLpVyC5.png,1.4,1,https://i.imgur.com/NjAmPg5.png,https://i.imgur.com/WcKqQpU.png,Bi,Idioms & Phrases,A,B,C,D,,English,62,Vidya,ssc
138,https://i.imgur.com/uaXpgdz.png,1.4,3,https://i.imgur.com/NjAmPg5.png,https://i.imgur.com/G4BOQ4C.png,Bi,Idioms & Phrases,A,B,C,D,,English,63,Vidya,ssc
139,https://i.imgur.com/PVfee3y.png,1.4,1,https://i.imgur.com/NjAmPg5.png,https://i.imgur.com/a9hDuKv.png,Bi,Idioms & Phrases,A,B,C,D,,English,65,Vidya,ssc
140,https://i.imgur.com/swbJcrL.png,1.4,3,https://i.imgur.com/NjAmPg5.png,https://i.imgur.com/K86mcwU.png,Bi,Idioms & Phrases,A,B,C,D,,English,66,Vidya,ssc
141,https://i.imgur.com/9X8hAhD.png,1.4,2,https://i.imgur.com/NjAmPg5.png,https://i.imgur.com/fdxRlig.png,Bi,Idioms & Phrases,A,B,C,D,,English,67,Vidya,ssc
142,https://i.imgur.com/oC0lOMI.png,1.4,3,https://i.imgur.com/NjAmPg5.png,https://i.imgur.com/LGMWijG.png,Bi,Idioms & Phrases,A,B,C,D,,English,68,Vidya,ssc
143,https://i.imgur.com/JRpBNLg.png,1.4,2,https://i.imgur.com/NjAmPg5.png,https://i.imgur.com/4BVl8CM.png,Bi,Idioms & Phrases,A,B,C,D,,English,69,Vidya,ssc
144,https://i.imgur.com/yYS472A.png,1.4,2,https://i.imgur.com/NjAmPg5.png,https://i.imgur.com/jR72Y6X.png,Bi,Idioms & Phrases,A,B,C,D,,English,70,Vidya,ssc
145,https://i.imgur.com/YHX9Abv.png,1.4,1,https://i.imgur.com/NjAmPg5.png,https://i.imgur.com/xo1aYfr.png,Bi,Idioms & Phrases,A,B,C,D,,English,72,Vidya,ssc
146,https://i.imgur.com/ADhisVe.png,1.4,2,https://i.imgur.com/NjAmPg5.png,https://i.imgur.com/2XAIQEl.png,Bi,Idioms & Phrases,A,B,C,D,,English,73,Vidya,ssc
147,https://i.imgur.com/2PteQZE.png,1.4,3,https://i.imgur.com/NjAmPg5.png,https://i.imgur.com/t0JKCmH.png,Bi,Idioms & Phrases,A,B,C,D,,English,74,Vidya,ssc
148,https://i.imgur.com/itSEduA.png,1.4,4,https://i.imgur.com/NjAmPg5.png,https://i.imgur.com/g6TCtnj.png,Bi,Idioms & Phrases,A,B,C,D,,English,75,Vidya,ssc
149,https://i.imgur.com/BMNe5Pc.png,1.4,4,https://i.imgur.com/NjAmPg5.png,https://i.imgur.com/ilvY2Sb.png,Bi,Idioms & Phrases,A,B,C,D,,English,76,Vidya,ssc
150,https://i.imgur.com/8JVbOe2.png,1.4,4,https://i.imgur.com/NjAmPg5.png,https://i.imgur.com/7sjxaqr.png,Bi,Idioms & Phrases,A,B,C,D,,English,78,Vidya,ssc
151,https://i.imgur.com/rh9NBkO.png,1.4,1,https://i.imgur.com/NjAmPg5.png,https://i.imgur.com/yvLcNP6.png,Bi,Idioms & Phrases,A,B,C,D,,English,79,Vidya,ssc
152,https://i.imgur.com/eQak6HR.png,1.4,4,https://i.imgur.com/NjAmPg5.png,https://i.imgur.com/hmID6QC.png,Bi,Idioms & Phrases,A,B,C,D,,English,80,Vidya,ssc
153,https://i.imgur.com/kCEok4w.png,1.4,4,https://i.imgur.com/NjAmPg5.png,https://i.imgur.com/i2C3Xi8.png,Bi,Idioms & Phrases,A,B,C,D,,English,81,Vidya,ssc
154,https://i.imgur.com/mrXnDDb.png,1.4,2,https://i.imgur.com/NjAmPg5.png,https://i.imgur.com/lFTQ6GX.png,Bi,Idioms & Phrases,A,B,C,D,,English,82,Vidya,ssc
155,https://i.imgur.com/CNrH8xc.png,1.4,1,https://i.imgur.com/NjAmPg5.png,https://i.imgur.com/DeVT2ZV.png,Bi,Idioms & Phrases,A,B,C,D,,English,83,Vidya,ssc
156,https://i.imgur.com/4oH0NBh.png,1.4,3,https://i.imgur.com/NjAmPg5.png,https://i.imgur.com/y4Lj5X3.png,Bi,Idioms & Phrases,A,B,C,D,,English,85,Vidya,ssc
157,https://i.imgur.com/RlZ8ae9.png,1.4,4,https://i.imgur.com/NjAmPg5.png,https://i.imgur.com/afRNRCn.png,Bi,Idioms & Phrases,A,B,C,D,,English,86,Vidya,ssc
158,https://i.imgur.com/DxKlRVq.png,1.4,1,https://i.imgur.com/NjAmPg5.png,https://i.imgur.com/oAspFve.png,Bi,Idioms & Phrases,A,B,C,D,,English,87,Vidya,ssc
159,https://i.imgur.com/DkiO52T.png,1.4,3,https://i.imgur.com/NjAmPg5.png,https://i.imgur.com/NKs7kBZ.png,Bi,Idioms & Phrases,A,B,C,D,,English,88,Vidya,ssc
160,https://i.imgur.com/aoIMiOg.png,1.4,2,https://i.imgur.com/NjAmPg5.png,https://i.imgur.com/84S8HHI.png,Bi,Idioms & Phrases,A,B,C,D,,English,89,Vidya,ssc
161,https://i.imgur.com/AYVxcMz.png,1.4,2,https://i.imgur.com/NjAmPg5.png,https://i.imgur.com/EbPxxbR.png,Bi,Idioms & Phrases,A,B,C,D,,English,90,Vidya,ssc
162,https://i.imgur.com/BaMd6df.png,1.4,2,https://i.imgur.com/NjAmPg5.png,https://i.imgur.com/hqRYYhR.png,Bi,Idioms & Phrases,A,B,C,D,,English,91,Vidya,ssc
163,https://i.imgur.com/K7bierW.png,1.4,2,https://i.imgur.com/NjAmPg5.png,https://i.imgur.com/kVes9MS.png,Bi,Idioms & Phrases,A,B,C,D,,English,92,Vidya,ssc
164,https://i.imgur.com/mIVshDv.png,1.4,2,https://i.imgur.com/NjAmPg5.png,https://i.imgur.com/Kqgkt6J.png,Bi,Idioms & Phrases,A,B,C,D,,English,93,Vidya,ssc
165,https://i.imgur.com/ArxbrH9.png,1.4,3,https://i.imgur.com/NjAmPg5.png,https://i.imgur.com/PrK6buA.png,Bi,Idioms & Phrases,A,B,C,D,,English,94,Vidya,ssc
166,https://i.imgur.com/XXaEEoJ.png,1.4,3,https://i.imgur.com/NjAmPg5.png,https://i.imgur.com/SwUNKz2.png,Bi,Idioms & Phrases,A,B,C,D,,English,95,Vidya,ssc
167,https://i.imgur.com/Ax4mM3R.png,1.4,2,https://i.imgur.com/NjAmPg5.png,https://i.imgur.com/doASlVu.png,Bi,Idioms & Phrases,A,B,C,D,,English,96,Vidya,ssc
168,https://i.imgur.com/CA346zv.png,1.4,2,https://i.imgur.com/NjAmPg5.png,https://i.imgur.com/u55N29d.png,Bi,Idioms & Phrases,A,B,C,D,,English,97,Vidya,ssc
169,https://i.imgur.com/VYoKRVi.png,1.4,1,https://i.imgur.com/NjAmPg5.png,https://i.imgur.com/W0Cx2Pv.png,Bi,Idioms & Phrases,A,B,C,D,,English,98,Vidya,ssc
170,https://i.imgur.com/jTxOzGV.png,1.4,2,https://i.imgur.com/NjAmPg5.png,https://i.imgur.com/IY8LF8z.png,Bi,Idioms & Phrases,A,B,C,D,,English,100,Vidya,ssc
171,https://i.imgur.com/cCirYiq.png,1.4,3,https://i.imgur.com/NjAmPg5.png,https://i.imgur.com/BNIoHfn.png,Bi,Idioms & Phrases,A,B,C,D,,English,101,Vidya,ssc
172,https://i.imgur.com/Eq0bTQy.png,1.4,2,https://i.imgur.com/NjAmPg5.png,https://i.imgur.com/i0cAzud.png,Bi,Idioms & Phrases,A,B,C,D,,English,102,Vidya,ssc
173,https://i.imgur.com/jKRiYPZ.png,1.4,4,https://i.imgur.com/NjAmPg5.png,https://i.imgur.com/fnpHyQE.png,Bi,Idioms & Phrases,A,B,C,D,,English,103,Vidya,ssc
174,https://i.imgur.com/qGYF4fh.png,1.4,2,https://i.imgur.com/NjAmPg5.png,https://i.imgur.com/z8jDXMn.png,Bi,Idioms & Phrases,A,B,C,D,,English,104,Vidya,ssc
175,https://i.imgur.com/DWf7cSh.png,1.4,2,https://i.imgur.com/NjAmPg5.png,https://i.imgur.com/DIfuL6U.png,Bi,Idioms & Phrases,A,B,C,D,,English,105,Vidya,ssc
176,https://i.imgur.com/WuxfwOn.png,1.4,1,https://i.imgur.com/NjAmPg5.png,https://i.imgur.com/nZsMpI0.png,Bi,Idioms & Phrases,A,B,C,D,,English,106,Vidya,ssc
0,https://i.imgur.com/m2ecYv4.png,4.8,4,https://i.imgur.com/tHsuJYD.png,https://i.imgur.com/HEM2VsJ.png,Eng,Comprehension,A,B,C,D,,English,1,Vidya,ssc
1,https://i.imgur.com/tHgsqZR.png,4.8,2,https://i.imgur.com/tHsuJYD.png,https://i.imgur.com/Iki1NwG.png,Eng,Comprehension,A,B,C,D,,English,2,Vidya,ssc
2,https://i.imgur.com/C5W4Ucd.png,4.8,4,https://i.imgur.com/tHsuJYD.png,https://i.imgur.com/PgcgBd4.png,Eng,Comprehension,A,B,C,D,,English,3,Vidya,ssc
3,https://i.imgur.com/F2aMwvY.png,4.8,4,https://i.imgur.com/tHsuJYD.png,https://i.imgur.com/wLRANr7.png,Eng,Comprehension,A,B,C,D,,English,4,Vidya,ssc
4,https://i.imgur.com/8661ZXo.png,4.8,2,https://i.imgur.com/tHsuJYD.png,https://i.imgur.com/zIUoXNz.png,Eng,Comprehension,A,B,C,D,,English,5,Vidya,ssc
5,https://i.imgur.com/NNXfYbk.png,4.8,4,https://i.imgur.com/TsfNJwz.png,https://i.imgur.com/Q5d3P9d.png,Eng,Comprehension,A,B,C,D,,English,6,Vidya,ssc
6,https://i.imgur.com/3916HLS.png,4.8,2,https://i.imgur.com/TsfNJwz.png,https://i.imgur.com/ucDLQcK.png,Eng,Comprehension,A,B,C,D,,English,7,Vidya,ssc
7,https://i.imgur.com/lcKcb6F.png,4.8,2,https://i.imgur.com/TsfNJwz.png,https://i.imgur.com/anEiVd7.png,Eng,Comprehension,A,B,C,D,,English,8,Vidya,ssc
8,https://i.imgur.com/4FnJSJ3.png,4.8,2,https://i.imgur.com/TsfNJwz.png,https://i.imgur.com/zs82MW6.png,Eng,Comprehension,A,B,C,D,,English,9,Vidya,ssc
9,https://i.imgur.com/LD7NBZH.png,4.8,4,https://i.imgur.com/TsfNJwz.png,https://i.imgur.com/zXWVx42.png,Eng,Comprehension,A,B,C,D,,English,10,Vidya,ssc
10,https://i.imgur.com/ohpiFO9.png,4.8,3,https://i.imgur.com/mjnYxdo.png,https://i.imgur.com/IeCRVg8.png,Eng,Comprehension,A,B,C,D,,English,12,Vidya,ssc
11,https://i.imgur.com/9cFkiJl.png,4.8,1,https://i.imgur.com/mjnYxdo.png,https://i.imgur.com/vmQmgku.png,Eng,Comprehension,A,B,C,D,,English,13,Vidya,ssc
12,https://i.imgur.com/bgj6tSl.png,4.8,1,https://i.imgur.com/mjnYxdo.png,https://i.imgur.com/68qPgWH.png,Eng,Comprehension,A,B,C,D,,English,14,Vidya,ssc
13,https://i.imgur.com/bEBY9PT.png,4.8,2,https://i.imgur.com/mjnYxdo.png,https://i.imgur.com/Ntmz2Mz.png,Eng,Comprehension,A,B,C,D,,English,15,Vidya,ssc
14,https://i.imgur.com/uOgmwuA.png,4.8,2,https://i.imgur.com/TkZ0zj9.png,https://i.imgur.com/M0nm733.png,Eng,Comprehension,A,B,C,D,,English,21,Vidya,ssc
15,https://i.imgur.com/9Jwl2qP.png,4.8,1,https://i.imgur.com/TkZ0zj9.png,https://i.imgur.com/zHfu7r2.png,Eng,Comprehension,A,B,C,D,,English,22,Vidya,ssc
16,https://i.imgur.com/woVy4ru.png,4.8,2,https://i.imgur.com/TkZ0zj9.png,https://i.imgur.com/CQ13seM.png,Eng,Comprehension,A,B,C,D,,English,23,Vidya,ssc
17,https://i.imgur.com/gfbP18g.png,4.8,3,https://i.imgur.com/O3U4g0Z.png,https://i.imgur.com/3lEyxcn.png,Eng,Comprehension,A,B,C,D,,English,81,Vidya,ssc
18,https://i.imgur.com/g4OyCQv.png,4.8,2,https://i.imgur.com/O3U4g0Z.png,https://i.imgur.com/0AGTiIn.png,Eng,Comprehension,A,B,C,D,,English,82,Vidya,ssc
19,https://i.imgur.com/2PTnrPq.png,4.8,4,https://i.imgur.com/O3U4g0Z.png,https://i.imgur.com/s7a0eOy.png,Eng,Comprehension,A,B,C,D,,English,83,Vidya,ssc
20,https://i.imgur.com/N2IQcJu.png,4.8,4,https://i.imgur.com/O3U4g0Z.png,https://i.imgur.com/gF4nqyw.png,Eng,Comprehension,A,B,C,D,,English,85,Vidya,ssc
21,https://i.imgur.com/RVJ4GTc.png,4.8,2,https://i.imgur.com/HbgDLmH.png,https://i.imgur.com/ItVnh9g.png,Eng,Comprehension,A,B,C,D,,English,86,Vidya,ssc
22,https://i.imgur.com/54Tdlad.png,4.8,4,https://i.imgur.com/HbgDLmH.png,https://i.imgur.com/1mDBmlY.png,Eng,Comprehension,A,B,C,D,,English,87,Vidya,ssc
23,https://i.imgur.com/sztuPSL.png,4.8,3,https://i.imgur.com/HbgDLmH.png,https://i.imgur.com/wW4waEV.png,Eng,Comprehension,A,B,C,D,,English,88,Vidya,ssc
24,https://i.imgur.com/OOZC9Wy.png,4.8,3,https://i.imgur.com/HbgDLmH.png,https://i.imgur.com/E6ERxDP.png,Eng,Comprehension,A,B,C,D,,English,89,Vidya,ssc
25,https://i.imgur.com/QfyhuPJ.png,4.8,2,https://i.imgur.com/HbgDLmH.png,https://i.imgur.com/N7VuLPg.png,Eng,Comprehension,A,B,C,D,,English,90,Vidya,ssc
26,https://i.imgur.com/yltKGuN.png,4.8,3,https://i.imgur.com/MpIcOPC.png,https://i.imgur.com/eQ8dxnU.png,Eng,Comprehension,A,B,C,D,,English,92,Vidya,ssc
27,https://i.imgur.com/L2AE2Qf.png,4.8,2,https://i.imgur.com/MpIcOPC.png,https://i.imgur.com/5Wmmr5X.png,Eng,Comprehension,A,B,C,D,,English,93,Vidya,ssc
28,https://i.imgur.com/NOgzexH.png,4.8,4,https://i.imgur.com/MpIcOPC.png,https://i.imgur.com/2KmXzp6.png,Eng,Comprehension,A,B,C,D,,English,94,Vidya,ssc
29,https://i.imgur.com/Ys7WBOU.png,4.8,4,https://i.imgur.com/MpIcOPC.png,https://i.imgur.com/sbrQMBG.png,Eng,Comprehension,A,B,C,D,,English,95,Vidya,ssc
30,https://i.imgur.com/xGnYpci.png,4.8,3,https://i.imgur.com/ivFKijz.png,https://i.imgur.com/ptvr8Y1.png,Eng,Comprehension,A,B,C,D,,English,101,Vidya,ssc
31,https://i.imgur.com/p8SN944.png,4.8,1,https://i.imgur.com/ivFKijz.png,https://i.imgur.com/RKBuV4U.png,Eng,Comprehension,A,B,C,D,,English,102,Vidya,ssc
32,https://i.imgur.com/J34NeE4.png,4.8,3,https://i.imgur.com/ivFKijz.png,https://i.imgur.com/Nya4tRM.png,Eng,Comprehension,A,B,C,D,,English,103,Vidya,ssc
33,https://i.imgur.com/cUMaByE.png,4.8,4,https://i.imgur.com/ivFKijz.png,https://i.imgur.com/fnep7NN.png,Eng,Comprehension,A,B,C,D,,English,104,Vidya,ssc
34,https://i.imgur.com/13PIiNn.png,4.8,4,https://i.imgur.com/ivFKijz.png,https://i.imgur.com/HWiMBVY.png,Eng,Comprehension,A,B,C,D,,English,105,Vidya,ssc
35,https://i.imgur.com/a6G6Rjo.png,4.8,4,https://i.imgur.com/qKhCOyR.png,https://i.imgur.com/Spjjatz.png,Eng,Comprehension,A,B,C,D,,English,116,Vidya,ssc
36,https://i.imgur.com/qCLKloA.png,4.8,3,https://i.imgur.com/qKhCOyR.png,https://i.imgur.com/NukOMGu.png,Eng,Comprehension,A,B,C,D,,English,117,Vidya,ssc
37,https://i.imgur.com/Z6QiHa1.png,4.8,4,https://i.imgur.com/qKhCOyR.png,https://i.imgur.com/w0RSCgf.png,Eng,Comprehension,A,B,C,D,,English,118,Vidya,ssc
38,https://i.imgur.com/p9KWIs1.png,4.8,1,https://i.imgur.com/qKhCOyR.png,https://i.imgur.com/fP0OxNl.png,Eng,Comprehension,A,B,C,D,,English,119,Vidya,ssc
39,https://i.imgur.com/CASrtjB.png,4.8,3,https://i.imgur.com/qKhCOyR.png,https://i.imgur.com/YzIBRsE.png,Eng,Comprehension,A,B,C,D,,English,120,Vidya,ssc
40,https://i.imgur.com/JxGTOe4.png,4.8,3,https://i.imgur.com/4KH96wl.png,https://i.imgur.com/6hU4oPL.png,Eng,Comprehension,A,B,C,D,,English,121,Vidya,ssc
41,https://i.imgur.com/LiBsHuI.png,4.8,4,https://i.imgur.com/4KH96wl.png,https://i.imgur.com/caKBLV4.png,Eng,Comprehension,A,B,C,D,,English,122,Vidya,ssc
42,https://i.imgur.com/71gl3Ks.png,4.8,2,https://i.imgur.com/4KH96wl.png,https://i.imgur.com/DYhFyjp.png,Eng,Comprehension,A,B,C,D,,English,123,Vidya,ssc
43,https://i.imgur.com/wCb0wAs.png,4.8,4,https://i.imgur.com/4KH96wl.png,https://i.imgur.com/DQBeOgf.png,Eng,Comprehension,A,B,C,D,,English,124,Vidya,ssc
44,https://i.imgur.com/hXTCCbB.png,4.8,3,https://i.imgur.com/4KH96wl.png,https://i.imgur.com/tvj1AwS.png,Eng,Comprehension,A,B,C,D,,English,125,Vidya,ssc
45,https://i.imgur.com/Qgakc6l.png,4.8,4,https://i.imgur.com/wRR4Vet.png,https://i.imgur.com/pk4ixNm.png,Eng,Comprehension,A,B,C,D,,English,136,Vidya,ssc
46,https://i.imgur.com/caAKyjP.png,4.8,3,https://i.imgur.com/wRR4Vet.png,https://i.imgur.com/gw0l33u.png,Eng,Comprehension,A,B,C,D,,English,137,Vidya,ssc
47,https://i.imgur.com/MGnt02c.png,4.8,1,https://i.imgur.com/wRR4Vet.png,https://i.imgur.com/S4RmEq2.png,Eng,Comprehension,A,B,C,D,,English,139,Vidya,ssc
48,https://i.imgur.com/1CoPRTk.png,4.8,2,https://i.imgur.com/wRR4Vet.png,https://i.imgur.com/RIHHySG.png,Eng,Comprehension,A,B,C,D,,English,140,Vidya,ssc
49,https://i.imgur.com/O0Qk8yV.png,4.8,4,https://i.imgur.com/a2Bf4UM.png,https://i.imgur.com/k5mKub0.png,Eng,Comprehension,A,B,C,D,,English,141,Vidya,ssc
50,https://i.imgur.com/KyBWXG5.png,4.8,1,https://i.imgur.com/a2Bf4UM.png,https://i.imgur.com/nZYiiKI.png,Eng,Comprehension,A,B,C,D,,English,143,Vidya,ssc
51,https://i.imgur.com/LrYQpU1.png,4.8,2,https://i.imgur.com/a2Bf4UM.png,https://i.imgur.com/JS7Kzab.png,Eng,Comprehension,A,B,C,D,,English,144,Vidya,ssc
52,https://i.imgur.com/jUWk2Mj.png,4.8,1,https://i.imgur.com/a2Bf4UM.png,https://i.imgur.com/vSmX4GV.png,Eng,Comprehension,A,B,C,D,,English,145,Vidya,ssc
53,https://i.imgur.com/XhF4Sgn.png,4.8,4,https://i.imgur.com/VsqVzui.png,https://i.imgur.com/2PN4aIH.png,Eng,Comprehension,A,B,C,D,,English,151,Vidya,ssc
54,https://i.imgur.com/ASuqTHu.png,4.8,1,https://i.imgur.com/VsqVzui.png,https://i.imgur.com/hQfOV2d.png,Eng,Comprehension,A,B,C,D,,English,152,Vidya,ssc
55,https://i.imgur.com/sEbrInc.png,4.8,3,https://i.imgur.com/VsqVzui.png,https://i.imgur.com/yB6HO01.png,Eng,Comprehension,A,B,C,D,,English,153,Vidya,ssc
56,https://i.imgur.com/weHQN7H.png,4.8,2,https://i.imgur.com/VsqVzui.png,https://i.imgur.com/IXECk2d.png,Eng,Comprehension,A,B,C,D,,English,154,Vidya,ssc
57,https://i.imgur.com/0pvRYtj.png,4.8,3,https://i.imgur.com/VsqVzui.png,https://i.imgur.com/WtyPHSg.png,Eng,Comprehension,A,B,C,D,,English,155,Vidya,ssc
58,https://i.imgur.com/b6PHQo0.png,4.8,2,https://i.imgur.com/p4mZQ6W.png,https://i.imgur.com/TWwa5Ug.png,Eng,Comprehension,A,B,C,D,,English,156,Vidya,ssc
59,https://i.imgur.com/W4oUCZ3.png,4.8,1,https://i.imgur.com/p4mZQ6W.png,https://i.imgur.com/zaTNSJs.png,Eng,Comprehension,A,B,C,D,,English,158,Vidya,ssc
60,https://i.imgur.com/bhbPjaL.png,4.8,2,https://i.imgur.com/p4mZQ6W.png,https://i.imgur.com/GthDfBh.png,Eng,Comprehension,A,B,C,D,,English,159,Vidya,ssc
61,https://i.imgur.com/Ak9OGa6.png,4.8,2,https://i.imgur.com/p4mZQ6W.png,https://i.imgur.com/y9uv2em.png,Eng,Comprehension,A,B,C,D,,English,160,Vidya,ssc
62,https://i.imgur.com/PEZZP8R.png,4.8,2,https://i.imgur.com/UubJpj4.png,https://i.imgur.com/CCFDwgJ.png,Eng,Comprehension,A,B,C,D,,English,171,Vidya,ssc
63,https://i.imgur.com/3f6YD8i.png,4.8,1,https://i.imgur.com/UubJpj4.png,https://i.imgur.com/5StAGjY.png,Eng,Comprehension,A,B,C,D,,English,172,Vidya,ssc
64,https://i.imgur.com/OBMwetA.png,4.8,3,https://i.imgur.com/UubJpj4.png,https://i.imgur.com/rsnL7KV.png,Eng,Comprehension,A,B,C,D,,English,173,Vidya,ssc
65,https://i.imgur.com/KNUA058.png,4.8,1,https://i.imgur.com/UubJpj4.png,https://i.imgur.com/bEqbhZ3.png,Eng,Comprehension,A,B,C,D,,English,174,Vidya,ssc
66,https://i.imgur.com/KgMLkes.png,4.8,4,https://i.imgur.com/UubJpj4.png,https://i.imgur.com/uiwwdwy.png,Eng,Comprehension,A,B,C,D,,English,175,Vidya,ssc
67,https://i.imgur.com/NPZpsNQ.png,4.8,4,https://i.imgur.com/fBRIreD.png,https://i.imgur.com/IqjWwCy.png,Eng,Comprehension,A,B,C,D,,English,176,Vidya,ssc
68,https://i.imgur.com/0kkiWJH.png,4.8,3,https://i.imgur.com/fBRIreD.png,https://i.imgur.com/9v3eQXM.png,Eng,Comprehension,A,B,C,D,,English,177,Vidya,ssc
69,https://i.imgur.com/K6uuf6q.png,4.8,3,https://i.imgur.com/fBRIreD.png,https://i.imgur.com/9S8EBZ3.png,Eng,Comprehension,A,B,C,D,,English,178,Vidya,ssc
70,https://i.imgur.com/oBzsqET.png,4.8,3,https://i.imgur.com/fBRIreD.png,https://i.imgur.com/DRWQkiI.png,Eng,Comprehension,A,B,C,D,,English,179,Vidya,ssc
71,https://i.imgur.com/K5Sfuxw.png,4.8,2,https://i.imgur.com/fBRIreD.png,https://i.imgur.com/dLv23Hf.png,Eng,Comprehension,A,B,C,D,,English,180,Vidya,ssc
72,https://i.imgur.com/isX3Qrr.png,4.8,1,https://i.imgur.com/8cx5Yb3.png,https://i.imgur.com/StK2xir.png,Eng,Comprehension,A,B,C,D,,English,181,Vidya,ssc
73,https://i.imgur.com/LMNYfHT.png,4.8,4,https://i.imgur.com/8cx5Yb3.png,https://i.imgur.com/nJ6R8PZ.png,Eng,Comprehension,A,B,C,D,,English,182,Vidya,ssc
74,https://i.imgur.com/jB6jCZU.png,4.8,4,https://i.imgur.com/8cx5Yb3.png,https://i.imgur.com/TlNLI9B.png,Eng,Comprehension,A,B,C,D,,English,183,Vidya,ssc
75,https://i.imgur.com/oAR6Gs2.png,4.8,2,https://i.imgur.com/8cx5Yb3.png,https://i.imgur.com/NqZfUyv.png,Eng,Comprehension,A,B,C,D,,English,184,Vidya,ssc
76,https://i.imgur.com/UdWGsql.png,4.8,3,https://i.imgur.com/8cx5Yb3.png,https://i.imgur.com/lGrdirp.png,Eng,Comprehension,A,B,C,D,,English,185,Vidya,ssc
0,https://i.imgur.com/6Nttnq1.png,4.4,4,https://i.imgur.com/76tr7xt.png,https://i.imgur.com/VlHSQbw.png,Bi,Sentence Arrangement,A,B,C,D,,English,1,Vidya,ssc
1,https://i.imgur.com/astwMi0.png,4.4,3,https://i.imgur.com/76tr7xt.png,https://i.imgur.com/a4Y6t79.png,Bi,Sentence Arrangement,A,B,C,D,,English,2,Vidya,ssc
2,https://i.imgur.com/R4LqdRN.png,4.4,1,https://i.imgur.com/76tr7xt.png,https://i.imgur.com/vJ8Yl6L.png,Bi,Sentence Arrangement,A,B,C,D,,English,3,Vidya,ssc
3,https://i.imgur.com/qHHDYSW.png,4.4,4,https://i.imgur.com/76tr7xt.png,https://i.imgur.com/gf5gtHf.png,Bi,Sentence Arrangement,A,B,C,D,,English,4,Vidya,ssc
4,https://i.imgur.com/sBUuKR9.png,4.4,1,https://i.imgur.com/76tr7xt.png,https://i.imgur.com/5RMEf05.png,Bi,Sentence Arrangement,A,B,C,D,,English,5,Vidya,ssc
5,https://i.imgur.com/4XR4ZoW.png,4.4,1,https://i.imgur.com/76tr7xt.png,https://i.imgur.com/KdbM90e.png,Bi,Sentence Arrangement,A,B,C,D,,English,6,Vidya,ssc
6,https://i.imgur.com/H3Kbdwq.png,4.4,4,https://i.imgur.com/76tr7xt.png,https://i.imgur.com/dMPrifC.png,Bi,Sentence Arrangement,A,B,C,D,,English,8,Vidya,ssc
7,https://i.imgur.com/BL2OFhA.png,4.4,1,https://i.imgur.com/76tr7xt.png,https://i.imgur.com/ZwweoEB.png,Bi,Sentence Arrangement,A,B,C,D,,English,9,Vidya,ssc
8,https://i.imgur.com/rdnzvus.png,4.4,2,https://i.imgur.com/76tr7xt.png,https://i.imgur.com/ABFSHz7.png,Bi,Sentence Arrangement,A,B,C,D,,English,11,Vidya,ssc
9,https://i.imgur.com/tg7JynZ.png,4.4,4,https://i.imgur.com/76tr7xt.png,https://i.imgur.com/Tf77lBI.png,Bi,Sentence Arrangement,A,B,C,D,,English,12,Vidya,ssc
10,https://i.imgur.com/8SCj0ik.png,4.4,4,https://i.imgur.com/76tr7xt.png,https://i.imgur.com/NPZupwe.png,Bi,Sentence Arrangement,A,B,C,D,,English,13,Vidya,ssc
11,https://i.imgur.com/4Wpwrog.png,4.4,3,https://i.imgur.com/76tr7xt.png,https://i.imgur.com/2nqMVbf.png,Bi,Sentence Arrangement,A,B,C,D,,English,15,Vidya,ssc
12,https://i.imgur.com/iETgYkX.png,4.4,2,https://i.imgur.com/76tr7xt.png,https://i.imgur.com/TQeKtq6.png,Bi,Sentence Arrangement,A,B,C,D,,English,16,Vidya,ssc
13,https://i.imgur.com/NTaNhnI.png,4.4,3,https://i.imgur.com/76tr7xt.png,https://i.imgur.com/78g8mzN.png,Bi,Sentence Arrangement,A,B,C,D,,English,17,Vidya,ssc
14,https://i.imgur.com/01iZRia.png,4.4,2,https://i.imgur.com/76tr7xt.png,https://i.imgur.com/RsU88en.png,Bi,Sentence Arrangement,A,B,C,D,,English,19,Vidya,ssc
15,https://i.imgur.com/Qidjblt.png,4.4,2,https://i.imgur.com/76tr7xt.png,https://i.imgur.com/9kUyQU8.png,Bi,Sentence Arrangement,A,B,C,D,,English,20,Vidya,ssc
16,https://i.imgur.com/1nleiBz.png,4.4,1,https://i.imgur.com/76tr7xt.png,https://i.imgur.com/pCXifw3.png,Bi,Sentence Arrangement,A,B,C,D,,English,21,Vidya,ssc
17,https://i.imgur.com/BZPxXSK.png,4.4,1,https://i.imgur.com/76tr7xt.png,https://i.imgur.com/9WPV0OT.png,Bi,Sentence Arrangement,A,B,C,D,,English,22,Vidya,ssc
18,https://i.imgur.com/aq4QzdG.png,4.4,3,https://i.imgur.com/76tr7xt.png,https://i.imgur.com/T5W2sig.png,Bi,Sentence Arrangement,A,B,C,D,,English,24,Vidya,ssc
19,https://i.imgur.com/Up0BCee.png,4.4,3,https://i.imgur.com/76tr7xt.png,https://i.imgur.com/66buvlm.png,Bi,Sentence Arrangement,A,B,C,D,,English,25,Vidya,ssc
20,https://i.imgur.com/JKcxsW0.png,4.4,1,https://i.imgur.com/76tr7xt.png,https://i.imgur.com/i63fbcG.png,Bi,Sentence Arrangement,A,B,C,D,,English,26,Vidya,ssc
21,https://i.imgur.com/I8JQUqe.png,4.4,1,https://i.imgur.com/76tr7xt.png,https://i.imgur.com/H9yhluj.png,Bi,Sentence Arrangement,A,B,C,D,,English,27,Vidya,ssc
22,https://i.imgur.com/iWi6ziw.png,4.4,4,https://i.imgur.com/76tr7xt.png,https://i.imgur.com/l3DCDYp.png,Bi,Sentence Arrangement,A,B,C,D,,English,28,Vidya,ssc
23,https://i.imgur.com/AInPtpz.png,4.4,3,https://i.imgur.com/76tr7xt.png,https://i.imgur.com/3Jr2NxH.png,Bi,Sentence Arrangement,A,B,C,D,,English,29,Vidya,ssc
24,https://i.imgur.com/Z2j33QI.png,4.4,2,https://i.imgur.com/76tr7xt.png,https://i.imgur.com/5pDA8J6.png,Bi,Sentence Arrangement,A,B,C,D,,English,31,Vidya,ssc
25,https://i.imgur.com/lWhbUVS.png,4.4,4,https://i.imgur.com/76tr7xt.png,https://i.imgur.com/Nj1yn6C.png,Bi,Sentence Arrangement,A,B,C,D,,English,32,Vidya,ssc
26,https://i.imgur.com/kA8i9z3.png,4.4,2,https://i.imgur.com/76tr7xt.png,https://i.imgur.com/LRCwFBx.png,Bi,Sentence Arrangement,A,B,C,D,,English,33,Vidya,ssc
27,https://i.imgur.com/0TIuCBf.png,4.4,1,https://i.imgur.com/76tr7xt.png,https://i.imgur.com/wXakHv7.png,Bi,Sentence Arrangement,A,B,C,D,,English,34,Vidya,ssc
28,https://i.imgur.com/1VFzKa7.png,4.4,4,https://i.imgur.com/76tr7xt.png,https://i.imgur.com/Z5NO2Ub.png,Bi,Sentence Arrangement,A,B,C,D,,English,35,Vidya,ssc
29,https://i.imgur.com/zQ2OAFO.png,4.4,1,https://i.imgur.com/76tr7xt.png,https://i.imgur.com/Ntok3Kr.png,Bi,Sentence Arrangement,A,B,C,D,,English,36,Vidya,ssc
30,https://i.imgur.com/W9JoOPS.png,4.4,4,https://i.imgur.com/76tr7xt.png,https://i.imgur.com/5h21gAM.png,Bi,Sentence Arrangement,A,B,C,D,,English,37,Vidya,ssc
31,https://i.imgur.com/GCAeFNc.png,4.4,2,https://i.imgur.com/76tr7xt.png,https://i.imgur.com/wgMqIla.png,Bi,Sentence Arrangement,A,B,C,D,,English,38,Vidya,ssc
32,https://i.imgur.com/66TdsBv.png,4.4,4,https://i.imgur.com/76tr7xt.png,https://i.imgur.com/fXh3rV9.png,Bi,Sentence Arrangement,A,B,C,D,,English,39,Vidya,ssc
33,https://i.imgur.com/WuZUGpV.png,4.4,2,https://i.imgur.com/76tr7xt.png,https://i.imgur.com/Hmq4BlE.png,Bi,Sentence Arrangement,A,B,C,D,,English,40,Vidya,ssc
34,https://i.imgur.com/8S8Pr7m.png,4.4,3,https://i.imgur.com/76tr7xt.png,https://i.imgur.com/Wr9zas8.png,Bi,Sentence Arrangement,A,B,C,D,,English,41,Vidya,ssc
35,https://i.imgur.com/cyO8qRL.png,4.4,4,https://i.imgur.com/76tr7xt.png,https://i.imgur.com/vVVXU5N.png,Bi,Sentence Arrangement,A,B,C,D,,English,42,Vidya,ssc
36,https://i.imgur.com/v6BHQNN.png,4.4,1,https://i.imgur.com/76tr7xt.png,https://i.imgur.com/ygBFk5Y.png,Bi,Sentence Arrangement,A,B,C,D,,English,43,Vidya,ssc
37,https://i.imgur.com/ZbygRwz.png,4.4,1,https://i.imgur.com/76tr7xt.png,https://i.imgur.com/WlzdHbT.png,Bi,Sentence Arrangement,A,B,C,D,,English,44,Vidya,ssc
38,https://i.imgur.com/NeXuUOf.png,4.4,4,https://i.imgur.com/76tr7xt.png,https://i.imgur.com/8w5ZgOr.png,Bi,Sentence Arrangement,A,B,C,D,,English,45,Vidya,ssc
39,https://i.imgur.com/HIUG3LO.png,4.4,2,https://i.imgur.com/76tr7xt.png,https://i.imgur.com/sb7Y3Fm.png,Bi,Sentence Arrangement,A,B,C,D,,English,46,Vidya,ssc
40,https://i.imgur.com/ndZrU93.png,4.4,1,https://i.imgur.com/76tr7xt.png,https://i.imgur.com/m9GlFJ0.png,Bi,Sentence Arrangement,A,B,C,D,,English,48,Vidya,ssc
41,https://i.imgur.com/3UlqqKA.png,4.4,2,https://i.imgur.com/76tr7xt.png,https://i.imgur.com/egNGJPC.png,Bi,Sentence Arrangement,A,B,C,D,,English,49,Vidya,ssc
42,https://i.imgur.com/izP4yRh.png,4.4,2,https://i.imgur.com/76tr7xt.png,https://i.imgur.com/LZsuyZ4.png,Bi,Sentence Arrangement,A,B,C,D,,English,50,Vidya,ssc
43,https://i.imgur.com/IjQXLAX.png,4.4,2,https://i.imgur.com/76tr7xt.png,https://i.imgur.com/aKwMBIi.png,Bi,Sentence Arrangement,A,B,C,D,,English,51,Vidya,ssc
44,https://i.imgur.com/jkSOelo.png,4.4,2,https://i.imgur.com/76tr7xt.png,https://i.imgur.com/IcwpjDm.png,Bi,Sentence Arrangement,A,B,C,D,,English,52,Vidya,ssc
45,https://i.imgur.com/2HtNDlm.png,4.4,3,https://i.imgur.com/76tr7xt.png,https://i.imgur.com/FadzH19.png,Bi,Sentence Arrangement,A,B,C,D,,English,53,Vidya,ssc
46,https://i.imgur.com/itXpbO7.png,4.4,3,https://i.imgur.com/76tr7xt.png,https://i.imgur.com/kdGXJmr.png,Bi,Sentence Arrangement,A,B,C,D,,English,54,Vidya,ssc
47,https://i.imgur.com/0RID8Vp.png,4.4,4,https://i.imgur.com/76tr7xt.png,https://i.imgur.com/kqPH14H.png,Bi,Sentence Arrangement,A,B,C,D,,English,55,Vidya,ssc
48,https://i.imgur.com/mt80EhO.png,4.4,2,https://i.imgur.com/76tr7xt.png,https://i.imgur.com/SsaH69g.png,Bi,Sentence Arrangement,A,B,C,D,,English,56,Vidya,ssc
49,https://i.imgur.com/PfMISOc.png,4.4,2,https://i.imgur.com/76tr7xt.png,https://i.imgur.com/ncZs9is.png,Bi,Sentence Arrangement,A,B,C,D,,English,57,Vidya,ssc
50,https://i.imgur.com/dTrrtfa.png,4.4,4,https://i.imgur.com/76tr7xt.png,https://i.imgur.com/r0ZmjpC.png,Bi,Sentence Arrangement,A,B,C,D,,English,58,Vidya,ssc
51,https://i.imgur.com/rhirsth.png,4.4,1,https://i.imgur.com/76tr7xt.png,https://i.imgur.com/AkCtIi4.png,Bi,Sentence Arrangement,A,B,C,D,,English,59,Vidya,ssc
52,https://i.imgur.com/hkrGI8X.png,4.4,3,https://i.imgur.com/76tr7xt.png,https://i.imgur.com/br4dHbG.png,Bi,Sentence Arrangement,A,B,C,D,,English,60,Vidya,ssc
53,https://i.imgur.com/vzaHJVe.png,4.4,3,https://i.imgur.com/76tr7xt.png,https://i.imgur.com/co6cr8E.png,Bi,Sentence Arrangement,A,B,C,D,,English,61,Vidya,ssc
54,https://i.imgur.com/tbewida.png,4.4,4,https://i.imgur.com/76tr7xt.png,https://i.imgur.com/L3HZO7Z.png,Bi,Sentence Arrangement,A,B,C,D,,English,62,Vidya,ssc
55,https://i.imgur.com/kS8SAOG.png,4.4,1,https://i.imgur.com/76tr7xt.png,https://i.imgur.com/iPmX1CT.png,Bi,Sentence Arrangement,A,B,C,D,,English,63,Vidya,ssc
56,https://i.imgur.com/5ok81O2.png,4.4,4,https://i.imgur.com/76tr7xt.png,https://i.imgur.com/ZdEmCIo.png,Bi,Sentence Arrangement,A,B,C,D,,English,64,Vidya,ssc
57,https://i.imgur.com/Ozmr5wA.png,4.4,2,https://i.imgur.com/76tr7xt.png,https://i.imgur.com/Z6uwLMV.png,Bi,Sentence Arrangement,A,B,C,D,,English,65,Vidya,ssc
58,https://i.imgur.com/EZ7gmB8.png,4.4,3,https://i.imgur.com/76tr7xt.png,https://i.imgur.com/aBLBYcq.png,Bi,Sentence Arrangement,A,B,C,D,,English,66,Vidya,ssc
59,https://i.imgur.com/MqNlDRg.png,4.4,3,https://i.imgur.com/76tr7xt.png,https://i.imgur.com/Xr8aXRf.png,Bi,Sentence Arrangement,A,B,C,D,,English,67,Vidya,ssc
60,https://i.imgur.com/NhYJAiH.png,4.4,4,https://i.imgur.com/76tr7xt.png,https://i.imgur.com/isAGmig.png,Bi,Sentence Arrangement,A,B,C,D,,English,68,Vidya,ssc
61,https://i.imgur.com/ecOpGur.png,4.4,4,https://i.imgur.com/76tr7xt.png,https://i.imgur.com/F2yIVye.png,Bi,Sentence Arrangement,A,B,C,D,,English,69,Vidya,ssc
62,https://i.imgur.com/RITHJLQ.png,4.4,3,https://i.imgur.com/76tr7xt.png,https://i.imgur.com/cbJbbYa.png,Bi,Sentence Arrangement,A,B,C,D,,English,70,Vidya,ssc
63,https://i.imgur.com/78ImPhf.png,4.4,1,https://i.imgur.com/76tr7xt.png,https://i.imgur.com/DA2wRHg.png,Bi,Sentence Arrangement,A,B,C,D,,English,71,Vidya,ssc
64,https://i.imgur.com/n73TRCw.png,4.4,4,https://i.imgur.com/76tr7xt.png,https://i.imgur.com/9mynM69.png,Bi,Sentence Arrangement,A,B,C,D,,English,72,Vidya,ssc
65,https://i.imgur.com/dW0IL3z.png,4.4,1,https://i.imgur.com/76tr7xt.png,https://i.imgur.com/fgGbXAQ.png,Bi,Sentence Arrangement,A,B,C,D,,English,73,Vidya,ssc
66,https://i.imgur.com/VKkNaz3.png,4.4,2,https://i.imgur.com/76tr7xt.png,https://i.imgur.com/iqIaVO4.png,Bi,Sentence Arrangement,A,B,C,D,,English,74,Vidya,ssc
67,https://i.imgur.com/DqXt1bH.png,4.4,4,https://i.imgur.com/76tr7xt.png,https://i.imgur.com/VDfTiNZ.png,Bi,Sentence Arrangement,A,B,C,D,,English,76,Vidya,ssc
68,https://i.imgur.com/qHfLNo5.png,4.4,1,https://i.imgur.com/76tr7xt.png,https://i.imgur.com/yFZmMUw.png,Bi,Sentence Arrangement,A,B,C,D,,English,77,Vidya,ssc
69,https://i.imgur.com/IXO1x0i.png,4.4,4,https://i.imgur.com/76tr7xt.png,https://i.imgur.com/ZaoTDM4.png,Bi,Sentence Arrangement,A,B,C,D,,English,78,Vidya,ssc
70,https://i.imgur.com/NWMtw91.png,4.4,2,https://i.imgur.com/76tr7xt.png,https://i.imgur.com/46sQZux.png,Bi,Sentence Arrangement,A,B,C,D,,English,79,Vidya,ssc
71,https://i.imgur.com/wtFH2Et.png,4.4,3,https://i.imgur.com/76tr7xt.png,https://i.imgur.com/jsvNlgE.png,Bi,Sentence Arrangement,A,B,C,D,,English,80,Vidya,ssc
72,https://i.imgur.com/4ngXmIx.png,4.4,3,https://i.imgur.com/76tr7xt.png,https://i.imgur.com/rLTFF5C.png,Bi,Sentence Arrangement,A,B,C,D,,English,81,Vidya,ssc
73,https://i.imgur.com/c7WUe0j.png,4.4,4,https://i.imgur.com/76tr7xt.png,https://i.imgur.com/pKAOBks.png,Bi,Sentence Arrangement,A,B,C,D,,English,82,Vidya,ssc
